model,condition,temperature,test,category,ctype,sd
Haiku,c0_neutral,0,abstraction (EN→EL),abstraction,judgment,0.4442616583193192
Haiku,c0_neutral,0,abstraction (EN→EL),addition,judgment,0.0
Haiku,c0_neutral,0,abstraction (EN→EL),do_not_translate,procedural,0.0
Haiku,c0_neutral,0,abstraction (EN→EL),fluency,judgment,0.0
Haiku,c0_neutral,0,abstraction (EN→EL),focus,judgment,0.0
Haiku,c0_neutral,0,abstraction (EN→EL),function_words,judgment,0.0
Haiku,c0_neutral,0,abstraction (EN→EL),grammar,procedural,0.0
Haiku,c0_neutral,0,abstraction (EN→EL),locale_conventions,procedural,0.0
Haiku,c0_neutral,0,abstraction (EN→EL),logical_operations,procedural,0.22360679774997902
Haiku,c0_neutral,0,abstraction (EN→EL),mistranslation,judgment,0.0
Haiku,c0_neutral,0,abstraction (EN→EL),omission,judgment,0.0
Haiku,c0_neutral,0,abstraction (EN→EL),redundancy,judgment,0.0
Haiku,c0_neutral,0,abstraction (EN→EL),referential_clarity,judgment,0.0
Haiku,c0_neutral,0,abstraction (EN→EL),spelling_punctuation,procedural,0.0
Haiku,c0_neutral,0,abstraction (EN→EL),terminology,judgment,0.0
Haiku,c0_neutral,0,abstraction (EN→EL),untranslated,judgment,0.0
Haiku,c0_neutral,0,func_words (EN→ES),abstraction,judgment,0.0
Haiku,c0_neutral,0,func_words (EN→ES),addition,judgment,0.0
Haiku,c0_neutral,0,func_words (EN→ES),do_not_translate,procedural,0.0
Haiku,c0_neutral,0,func_words (EN→ES),fluency,judgment,0.4701623459816274
Haiku,c0_neutral,0,func_words (EN→ES),focus,judgment,0.0
Haiku,c0_neutral,0,func_words (EN→ES),function_words,judgment,0.3077935056255462
Haiku,c0_neutral,0,func_words (EN→ES),grammar,procedural,0.5231483637805969
Haiku,c0_neutral,0,func_words (EN→ES),locale_conventions,procedural,0.0
Haiku,c0_neutral,0,func_words (EN→ES),logical_operations,procedural,0.0
Haiku,c0_neutral,0,func_words (EN→ES),mistranslation,judgment,0.0
Haiku,c0_neutral,0,func_words (EN→ES),omission,judgment,0.0
Haiku,c0_neutral,0,func_words (EN→ES),redundancy,judgment,0.0
Haiku,c0_neutral,0,func_words (EN→ES),referential_clarity,judgment,0.0
Haiku,c0_neutral,0,func_words (EN→ES),spelling_punctuation,procedural,0.0
Haiku,c0_neutral,0,func_words (EN→ES),terminology,judgment,0.0
Haiku,c0_neutral,0,func_words (EN→ES),untranslated,judgment,0.0
Haiku,c0_neutral,0,grammar (EN→EL),abstraction,judgment,0.0
Haiku,c0_neutral,0,grammar (EN→EL),addition,judgment,0.0
Haiku,c0_neutral,0,grammar (EN→EL),do_not_translate,procedural,0.0
Haiku,c0_neutral,0,grammar (EN→EL),fluency,judgment,0.48936048492959294
Haiku,c0_neutral,0,grammar (EN→EL),focus,judgment,0.0
Haiku,c0_neutral,0,grammar (EN→EL),function_words,judgment,0.0
Haiku,c0_neutral,0,grammar (EN→EL),grammar,procedural,0.4472135954999579
Haiku,c0_neutral,0,grammar (EN→EL),locale_conventions,procedural,0.0
Haiku,c0_neutral,0,grammar (EN→EL),logical_operations,procedural,0.0
Haiku,c0_neutral,0,grammar (EN→EL),mistranslation,judgment,1.1002392084403616
Haiku,c0_neutral,0,grammar (EN→EL),omission,judgment,0.0
Haiku,c0_neutral,0,grammar (EN→EL),redundancy,judgment,0.0
Haiku,c0_neutral,0,grammar (EN→EL),referential_clarity,judgment,0.0
Haiku,c0_neutral,0,grammar (EN→EL),spelling_punctuation,procedural,0.0
Haiku,c0_neutral,0,grammar (EN→EL),terminology,judgment,0.0
Haiku,c0_neutral,0,grammar (EN→EL),untranslated,judgment,0.0
Haiku,c0_neutral,0,locale_conv (EN→EL),abstraction,judgment,0.0
Haiku,c0_neutral,0,locale_conv (EN→EL),addition,judgment,0.0
Haiku,c0_neutral,0,locale_conv (EN→EL),do_not_translate,procedural,0.0
Haiku,c0_neutral,0,locale_conv (EN→EL),fluency,judgment,0.36634754853252327
Haiku,c0_neutral,0,locale_conv (EN→EL),focus,judgment,0.0
Haiku,c0_neutral,0,locale_conv (EN→EL),function_words,judgment,0.0
Haiku,c0_neutral,0,locale_conv (EN→EL),grammar,procedural,0.0
Haiku,c0_neutral,0,locale_conv (EN→EL),locale_conventions,procedural,0.41039134083406176
Haiku,c0_neutral,0,locale_conv (EN→EL),logical_operations,procedural,0.0
Haiku,c0_neutral,0,locale_conv (EN→EL),mistranslation,judgment,0.0
Haiku,c0_neutral,0,locale_conv (EN→EL),omission,judgment,0.0
Haiku,c0_neutral,0,locale_conv (EN→EL),redundancy,judgment,0.0
Haiku,c0_neutral,0,locale_conv (EN→EL),referential_clarity,judgment,0.0
Haiku,c0_neutral,0,locale_conv (EN→EL),spelling_punctuation,procedural,0.44426165831931913
Haiku,c0_neutral,0,locale_conv (EN→EL),terminology,judgment,0.0
Haiku,c0_neutral,0,locale_conv (EN→EL),untranslated,judgment,0.0
Haiku,c0_neutral,0,mistranslation (EN→ES),abstraction,judgment,0.0
Haiku,c0_neutral,0,mistranslation (EN→ES),addition,judgment,0.998683343734455
Haiku,c0_neutral,0,mistranslation (EN→ES),do_not_translate,procedural,0.0
Haiku,c0_neutral,0,mistranslation (EN→ES),fluency,judgment,0.22360679774997896
Haiku,c0_neutral,0,mistranslation (EN→ES),focus,judgment,0.0
Haiku,c0_neutral,0,mistranslation (EN→ES),function_words,judgment,0.0
Haiku,c0_neutral,0,mistranslation (EN→ES),grammar,procedural,0.0
Haiku,c0_neutral,0,mistranslation (EN→ES),locale_conventions,procedural,0.0
Haiku,c0_neutral,0,mistranslation (EN→ES),logical_operations,procedural,0.0
Haiku,c0_neutral,0,mistranslation (EN→ES),mistranslation,judgment,1.3138933706635727
Haiku,c0_neutral,0,mistranslation (EN→ES),omission,judgment,1.1002392084403616
Haiku,c0_neutral,0,mistranslation (EN→ES),redundancy,judgment,0.0
Haiku,c0_neutral,0,mistranslation (EN→ES),referential_clarity,judgment,0.0
Haiku,c0_neutral,0,mistranslation (EN→ES),spelling_punctuation,procedural,0.0
Haiku,c0_neutral,0,mistranslation (EN→ES),terminology,judgment,0.0
Haiku,c0_neutral,0,mistranslation (EN→ES),untranslated,judgment,0.0
Haiku,c0_neutral,0,omission (EN→EL),abstraction,judgment,0.0
Haiku,c0_neutral,0,omission (EN→EL),addition,judgment,0.0
Haiku,c0_neutral,0,omission (EN→EL),do_not_translate,procedural,0.0
Haiku,c0_neutral,0,omission (EN→EL),fluency,judgment,0.36634754853252327
Haiku,c0_neutral,0,omission (EN→EL),focus,judgment,0.0
Haiku,c0_neutral,0,omission (EN→EL),function_words,judgment,0.0
Haiku,c0_neutral,0,omission (EN→EL),grammar,procedural,0.0
Haiku,c0_neutral,0,omission (EN→EL),locale_conventions,procedural,0.0
Haiku,c0_neutral,0,omission (EN→EL),logical_operations,procedural,0.0
Haiku,c0_neutral,0,omission (EN→EL),mistranslation,judgment,0.0
Haiku,c0_neutral,0,omission (EN→EL),omission,judgment,0.4701623459816272
Haiku,c0_neutral,0,omission (EN→EL),redundancy,judgment,0.0
Haiku,c0_neutral,0,omission (EN→EL),referential_clarity,judgment,0.0
Haiku,c0_neutral,0,omission (EN→EL),spelling_punctuation,procedural,0.7326950970650465
Haiku,c0_neutral,0,omission (EN→EL),terminology,judgment,0.0
Haiku,c0_neutral,0,omission (EN→EL),untranslated,judgment,0.0
Haiku,c0_neutral,0,omission (EN→ES),abstraction,judgment,0.0
Haiku,c0_neutral,0,omission (EN→ES),addition,judgment,0.0
Haiku,c0_neutral,0,omission (EN→ES),do_not_translate,procedural,0.0
Haiku,c0_neutral,0,omission (EN→ES),fluency,judgment,0.0
Haiku,c0_neutral,0,omission (EN→ES),focus,judgment,0.0
Haiku,c0_neutral,0,omission (EN→ES),function_words,judgment,0.0
Haiku,c0_neutral,0,omission (EN→ES),grammar,procedural,0.0
Haiku,c0_neutral,0,omission (EN→ES),locale_conventions,procedural,0.0
Haiku,c0_neutral,0,omission (EN→ES),logical_operations,procedural,0.0
Haiku,c0_neutral,0,omission (EN→ES),mistranslation,judgment,0.0
Haiku,c0_neutral,0,omission (EN→ES),omission,judgment,0.4701623459816272
Haiku,c0_neutral,0,omission (EN→ES),redundancy,judgment,0.0
Haiku,c0_neutral,0,omission (EN→ES),referential_clarity,judgment,0.0
Haiku,c0_neutral,0,omission (EN→ES),spelling_punctuation,procedural,0.0
Haiku,c0_neutral,0,omission (EN→ES),terminology,judgment,0.0
Haiku,c0_neutral,0,omission (EN→ES),untranslated,judgment,0.0
Haiku,c0_neutral,0,redundancy (EN→ES),abstraction,judgment,0.0
Haiku,c0_neutral,0,redundancy (EN→ES),addition,judgment,1.118033988749895
Haiku,c0_neutral,0,redundancy (EN→ES),do_not_translate,procedural,0.0
Haiku,c0_neutral,0,redundancy (EN→ES),fluency,judgment,0.5871429486123999
Haiku,c0_neutral,0,redundancy (EN→ES),focus,judgment,0.0
Haiku,c0_neutral,0,redundancy (EN→ES),function_words,judgment,0.0
Haiku,c0_neutral,0,redundancy (EN→ES),grammar,procedural,0.0
Haiku,c0_neutral,0,redundancy (EN→ES),locale_conventions,procedural,0.0
Haiku,c0_neutral,0,redundancy (EN→ES),logical_operations,procedural,0.0
Haiku,c0_neutral,0,redundancy (EN→ES),mistranslation,judgment,0.0
Haiku,c0_neutral,0,redundancy (EN→ES),omission,judgment,0.0
Haiku,c0_neutral,0,redundancy (EN→ES),redundancy,judgment,0.36634754853252327
Haiku,c0_neutral,0,redundancy (EN→ES),referential_clarity,judgment,0.0
Haiku,c0_neutral,0,redundancy (EN→ES),spelling_punctuation,procedural,0.0
Haiku,c0_neutral,0,redundancy (EN→ES),terminology,judgment,0.0
Haiku,c0_neutral,0,redundancy (EN→ES),untranslated,judgment,0.0
Haiku,c0_neutral,0,ref_clarity (EN→EL),abstraction,judgment,0.0
Haiku,c0_neutral,0,ref_clarity (EN→EL),addition,judgment,0.0
Haiku,c0_neutral,0,ref_clarity (EN→EL),do_not_translate,procedural,0.0
Haiku,c0_neutral,0,ref_clarity (EN→EL),fluency,judgment,0.223606797749979
Haiku,c0_neutral,0,ref_clarity (EN→EL),focus,judgment,0.0
Haiku,c0_neutral,0,ref_clarity (EN→EL),function_words,judgment,0.0
Haiku,c0_neutral,0,ref_clarity (EN→EL),grammar,procedural,0.0
Haiku,c0_neutral,0,ref_clarity (EN→EL),locale_conventions,procedural,0.0
Haiku,c0_neutral,0,ref_clarity (EN→EL),logical_operations,procedural,0.0
Haiku,c0_neutral,0,ref_clarity (EN→EL),mistranslation,judgment,0.7539370349250519
Haiku,c0_neutral,0,ref_clarity (EN→EL),omission,judgment,0.0
Haiku,c0_neutral,0,ref_clarity (EN→EL),redundancy,judgment,0.0
Haiku,c0_neutral,0,ref_clarity (EN→EL),referential_clarity,judgment,1.187655806953123
Haiku,c0_neutral,0,ref_clarity (EN→EL),spelling_punctuation,procedural,0.0
Haiku,c0_neutral,0,ref_clarity (EN→EL),terminology,judgment,0.0
Haiku,c0_neutral,0,ref_clarity (EN→EL),untranslated,judgment,0.0
Haiku,c0_neutral,0,ref_clarity (EN→ES),abstraction,judgment,0.0
Haiku,c0_neutral,0,ref_clarity (EN→ES),addition,judgment,0.0
Haiku,c0_neutral,0,ref_clarity (EN→ES),do_not_translate,procedural,0.0
Haiku,c0_neutral,0,ref_clarity (EN→ES),fluency,judgment,0.0
Haiku,c0_neutral,0,ref_clarity (EN→ES),focus,judgment,0.0
Haiku,c0_neutral,0,ref_clarity (EN→ES),function_words,judgment,0.0
Haiku,c0_neutral,0,ref_clarity (EN→ES),grammar,procedural,0.0
Haiku,c0_neutral,0,ref_clarity (EN→ES),locale_conventions,procedural,0.0
Haiku,c0_neutral,0,ref_clarity (EN→ES),logical_operations,procedural,0.0
Haiku,c0_neutral,0,ref_clarity (EN→ES),mistranslation,judgment,0.41039134083406165
Haiku,c0_neutral,0,ref_clarity (EN→ES),omission,judgment,0.0
Haiku,c0_neutral,0,ref_clarity (EN→ES),redundancy,judgment,0.0
Haiku,c0_neutral,0,ref_clarity (EN→ES),referential_clarity,judgment,0.5104177855340404
Haiku,c0_neutral,0,ref_clarity (EN→ES),spelling_punctuation,procedural,0.0
Haiku,c0_neutral,0,ref_clarity (EN→ES),terminology,judgment,0.0
Haiku,c0_neutral,0,ref_clarity (EN→ES),untranslated,judgment,0.0
Haiku,c0_neutral,0,untranslated (EN→ES),abstraction,judgment,0.0
Haiku,c0_neutral,0,untranslated (EN→ES),addition,judgment,0.0
Haiku,c0_neutral,0,untranslated (EN→ES),do_not_translate,procedural,0.0
Haiku,c0_neutral,0,untranslated (EN→ES),fluency,judgment,0.7591546545162482
Haiku,c0_neutral,0,untranslated (EN→ES),focus,judgment,0.0
Haiku,c0_neutral,0,untranslated (EN→ES),function_words,judgment,0.0
Haiku,c0_neutral,0,untranslated (EN→ES),grammar,procedural,0.0
Haiku,c0_neutral,0,untranslated (EN→ES),locale_conventions,procedural,0.0
Haiku,c0_neutral,0,untranslated (EN→ES),logical_operations,procedural,0.0
Haiku,c0_neutral,0,untranslated (EN→ES),mistranslation,judgment,0.0
Haiku,c0_neutral,0,untranslated (EN→ES),omission,judgment,0.0
Haiku,c0_neutral,0,untranslated (EN→ES),redundancy,judgment,0.0
Haiku,c0_neutral,0,untranslated (EN→ES),referential_clarity,judgment,0.0
Haiku,c0_neutral,0,untranslated (EN→ES),spelling_punctuation,procedural,0.0
Haiku,c0_neutral,0,untranslated (EN→ES),terminology,judgment,0.967906041546987
Haiku,c0_neutral,0,untranslated (EN→ES),untranslated,judgment,0.0
Haiku,c0_neutral,1,abstraction (EN→EL),abstraction,judgment,0.3321055820775357
Haiku,c0_neutral,1,abstraction (EN→EL),addition,judgment,0.0
Haiku,c0_neutral,1,abstraction (EN→EL),do_not_translate,procedural,0.0
Haiku,c0_neutral,1,abstraction (EN→EL),fluency,judgment,0.0
Haiku,c0_neutral,1,abstraction (EN→EL),focus,judgment,0.0
Haiku,c0_neutral,1,abstraction (EN→EL),function_words,judgment,0.0
Haiku,c0_neutral,1,abstraction (EN→EL),grammar,procedural,0.0
Haiku,c0_neutral,1,abstraction (EN→EL),locale_conventions,procedural,0.0
Haiku,c0_neutral,1,abstraction (EN→EL),logical_operations,procedural,0.0
Haiku,c0_neutral,1,abstraction (EN→EL),mistranslation,judgment,0.0
Haiku,c0_neutral,1,abstraction (EN→EL),omission,judgment,0.0
Haiku,c0_neutral,1,abstraction (EN→EL),redundancy,judgment,0.0
Haiku,c0_neutral,1,abstraction (EN→EL),referential_clarity,judgment,0.0
Haiku,c0_neutral,1,abstraction (EN→EL),spelling_punctuation,procedural,0.0
Haiku,c0_neutral,1,abstraction (EN→EL),terminology,judgment,0.0
Haiku,c0_neutral,1,abstraction (EN→EL),untranslated,judgment,0.0
Haiku,c0_neutral,1,func_words (EN→ES),abstraction,judgment,0.0
Haiku,c0_neutral,1,func_words (EN→ES),addition,judgment,0.0
Haiku,c0_neutral,1,func_words (EN→ES),do_not_translate,procedural,0.0
Haiku,c0_neutral,1,func_words (EN→ES),fluency,judgment,0.5878675320972554
Haiku,c0_neutral,1,func_words (EN→ES),focus,judgment,0.0
Haiku,c0_neutral,1,func_words (EN→ES),function_words,judgment,0.43723731609760313
Haiku,c0_neutral,1,func_words (EN→ES),grammar,procedural,0.3929526239966879
Haiku,c0_neutral,1,func_words (EN→ES),locale_conventions,procedural,0.0
Haiku,c0_neutral,1,func_words (EN→ES),logical_operations,procedural,0.0
Haiku,c0_neutral,1,func_words (EN→ES),mistranslation,judgment,0.0
Haiku,c0_neutral,1,func_words (EN→ES),omission,judgment,0.0
Haiku,c0_neutral,1,func_words (EN→ES),redundancy,judgment,0.0
Haiku,c0_neutral,1,func_words (EN→ES),referential_clarity,judgment,0.0
Haiku,c0_neutral,1,func_words (EN→ES),spelling_punctuation,procedural,0.0
Haiku,c0_neutral,1,func_words (EN→ES),terminology,judgment,0.0
Haiku,c0_neutral,1,func_words (EN→ES),untranslated,judgment,0.0
Haiku,c0_neutral,1,grammar (EN→EL),abstraction,judgment,0.0
Haiku,c0_neutral,1,grammar (EN→EL),addition,judgment,0.0
Haiku,c0_neutral,1,grammar (EN→EL),do_not_translate,procedural,0.0
Haiku,c0_neutral,1,grammar (EN→EL),fluency,judgment,0.8702602720890289
Haiku,c0_neutral,1,grammar (EN→EL),focus,judgment,0.0
Haiku,c0_neutral,1,grammar (EN→EL),function_words,judgment,0.0
Haiku,c0_neutral,1,grammar (EN→EL),grammar,procedural,0.7812132344290251
Haiku,c0_neutral,1,grammar (EN→EL),locale_conventions,procedural,0.0
Haiku,c0_neutral,1,grammar (EN→EL),logical_operations,procedural,0.0
Haiku,c0_neutral,1,grammar (EN→EL),mistranslation,judgment,1.5048939771136507
Haiku,c0_neutral,1,grammar (EN→EL),omission,judgment,0.0
Haiku,c0_neutral,1,grammar (EN→EL),redundancy,judgment,0.0
Haiku,c0_neutral,1,grammar (EN→EL),referential_clarity,judgment,0.0
Haiku,c0_neutral,1,grammar (EN→EL),spelling_punctuation,procedural,0.0
Haiku,c0_neutral,1,grammar (EN→EL),terminology,judgment,0.0
Haiku,c0_neutral,1,grammar (EN→EL),untranslated,judgment,0.0
Haiku,c0_neutral,1,locale_conv (EN→EL),abstraction,judgment,0.0
Haiku,c0_neutral,1,locale_conv (EN→EL),addition,judgment,0.0
Haiku,c0_neutral,1,locale_conv (EN→EL),do_not_translate,procedural,0.0
Haiku,c0_neutral,1,locale_conv (EN→EL),fluency,judgment,0.49259218307188896
Haiku,c0_neutral,1,locale_conv (EN→EL),focus,judgment,0.0
Haiku,c0_neutral,1,locale_conv (EN→EL),function_words,judgment,0.0
Haiku,c0_neutral,1,locale_conv (EN→EL),grammar,procedural,0.0
Haiku,c0_neutral,1,locale_conv (EN→EL),locale_conventions,procedural,0.4696682183138621
Haiku,c0_neutral,1,locale_conv (EN→EL),logical_operations,procedural,0.0
Haiku,c0_neutral,1,locale_conv (EN→EL),mistranslation,judgment,0.0
Haiku,c0_neutral,1,locale_conv (EN→EL),omission,judgment,0.0
Haiku,c0_neutral,1,locale_conv (EN→EL),redundancy,judgment,0.0
Haiku,c0_neutral,1,locale_conv (EN→EL),referential_clarity,judgment,0.0
Haiku,c0_neutral,1,locale_conv (EN→EL),spelling_punctuation,procedural,0.3929526239966879
Haiku,c0_neutral,1,locale_conv (EN→EL),terminology,judgment,0.0
Haiku,c0_neutral,1,locale_conv (EN→EL),untranslated,judgment,0.0
Haiku,c0_neutral,1,mistranslation (EN→ES),abstraction,judgment,0.0
Haiku,c0_neutral,1,mistranslation (EN→ES),addition,judgment,1.1311108542958477
Haiku,c0_neutral,1,mistranslation (EN→ES),do_not_translate,procedural,0.0
Haiku,c0_neutral,1,mistranslation (EN→ES),fluency,judgment,0.33210558207753604
Haiku,c0_neutral,1,mistranslation (EN→ES),focus,judgment,0.0
Haiku,c0_neutral,1,mistranslation (EN→ES),function_words,judgment,0.0
Haiku,c0_neutral,1,mistranslation (EN→ES),grammar,procedural,0.0
Haiku,c0_neutral,1,mistranslation (EN→ES),locale_conventions,procedural,0.0
Haiku,c0_neutral,1,mistranslation (EN→ES),logical_operations,procedural,0.0
Haiku,c0_neutral,1,mistranslation (EN→ES),mistranslation,judgment,1.3906198364081266
Haiku,c0_neutral,1,mistranslation (EN→ES),omission,judgment,1.0571882797418486
Haiku,c0_neutral,1,mistranslation (EN→ES),redundancy,judgment,0.0
Haiku,c0_neutral,1,mistranslation (EN→ES),referential_clarity,judgment,0.0
Haiku,c0_neutral,1,mistranslation (EN→ES),spelling_punctuation,procedural,0.0
Haiku,c0_neutral,1,mistranslation (EN→ES),terminology,judgment,0.24253562503633302
Haiku,c0_neutral,1,mistranslation (EN→ES),untranslated,judgment,0.0
Haiku,c0_neutral,1,omission (EN→EL),abstraction,judgment,0.0
Haiku,c0_neutral,1,omission (EN→EL),addition,judgment,0.0
Haiku,c0_neutral,1,omission (EN→EL),do_not_translate,procedural,0.0
Haiku,c0_neutral,1,omission (EN→EL),fluency,judgment,0.8617697249402123
Haiku,c0_neutral,1,omission (EN→EL),focus,judgment,0.0
Haiku,c0_neutral,1,omission (EN→EL),function_words,judgment,0.0
Haiku,c0_neutral,1,omission (EN→EL),grammar,procedural,0.0
Haiku,c0_neutral,1,omission (EN→EL),locale_conventions,procedural,0.0
Haiku,c0_neutral,1,omission (EN→EL),logical_operations,procedural,0.0
Haiku,c0_neutral,1,omission (EN→EL),mistranslation,judgment,0.0
Haiku,c0_neutral,1,omission (EN→EL),omission,judgment,0.39295262399668784
Haiku,c0_neutral,1,omission (EN→EL),redundancy,judgment,0.0
Haiku,c0_neutral,1,omission (EN→EL),referential_clarity,judgment,0.0
Haiku,c0_neutral,1,omission (EN→EL),spelling_punctuation,procedural,0.242535625036333
Haiku,c0_neutral,1,omission (EN→EL),terminology,judgment,0.0
Haiku,c0_neutral,1,omission (EN→EL),untranslated,judgment,0.0
Haiku,c0_neutral,1,omission (EN→ES),abstraction,judgment,0.0
Haiku,c0_neutral,1,omission (EN→ES),addition,judgment,0.0
Haiku,c0_neutral,1,omission (EN→ES),do_not_translate,procedural,0.0
Haiku,c0_neutral,1,omission (EN→ES),fluency,judgment,0.0
Haiku,c0_neutral,1,omission (EN→ES),focus,judgment,0.0
Haiku,c0_neutral,1,omission (EN→ES),function_words,judgment,0.0
Haiku,c0_neutral,1,omission (EN→ES),grammar,procedural,0.0
Haiku,c0_neutral,1,omission (EN→ES),locale_conventions,procedural,0.0
Haiku,c0_neutral,1,omission (EN→ES),logical_operations,procedural,0.0
Haiku,c0_neutral,1,omission (EN→ES),mistranslation,judgment,0.0
Haiku,c0_neutral,1,omission (EN→ES),omission,judgment,0.39295262399668784
Haiku,c0_neutral,1,omission (EN→ES),redundancy,judgment,0.0
Haiku,c0_neutral,1,omission (EN→ES),referential_clarity,judgment,0.0
Haiku,c0_neutral,1,omission (EN→ES),spelling_punctuation,procedural,0.0
Haiku,c0_neutral,1,omission (EN→ES),terminology,judgment,0.0
Haiku,c0_neutral,1,omission (EN→ES),untranslated,judgment,0.0
Haiku,c0_neutral,1,redundancy (EN→ES),abstraction,judgment,0.0
Haiku,c0_neutral,1,redundancy (EN→ES),addition,judgment,0.8488746876271657
Haiku,c0_neutral,1,redundancy (EN→ES),do_not_translate,procedural,0.0
Haiku,c0_neutral,1,redundancy (EN→ES),fluency,judgment,0.469668218313862
Haiku,c0_neutral,1,redundancy (EN→ES),focus,judgment,0.0
Haiku,c0_neutral,1,redundancy (EN→ES),function_words,judgment,0.0
Haiku,c0_neutral,1,redundancy (EN→ES),grammar,procedural,0.0
Haiku,c0_neutral,1,redundancy (EN→ES),locale_conventions,procedural,0.0
Haiku,c0_neutral,1,redundancy (EN→ES),logical_operations,procedural,0.0
Haiku,c0_neutral,1,redundancy (EN→ES),mistranslation,judgment,0.0
Haiku,c0_neutral,1,redundancy (EN→ES),omission,judgment,0.0
Haiku,c0_neutral,1,redundancy (EN→ES),redundancy,judgment,0.48507125007266594
Haiku,c0_neutral,1,redundancy (EN→ES),referential_clarity,judgment,0.0
Haiku,c0_neutral,1,redundancy (EN→ES),spelling_punctuation,procedural,0.0
Haiku,c0_neutral,1,redundancy (EN→ES),terminology,judgment,0.0
Haiku,c0_neutral,1,redundancy (EN→ES),untranslated,judgment,0.0
Haiku,c0_neutral,1,ref_clarity (EN→EL),abstraction,judgment,0.0
Haiku,c0_neutral,1,ref_clarity (EN→EL),addition,judgment,0.0
Haiku,c0_neutral,1,ref_clarity (EN→EL),do_not_translate,procedural,0.0
Haiku,c0_neutral,1,ref_clarity (EN→EL),fluency,judgment,0.4696682183138621
Haiku,c0_neutral,1,ref_clarity (EN→EL),focus,judgment,0.0
Haiku,c0_neutral,1,ref_clarity (EN→EL),function_words,judgment,0.0
Haiku,c0_neutral,1,ref_clarity (EN→EL),grammar,procedural,0.0
Haiku,c0_neutral,1,ref_clarity (EN→EL),locale_conventions,procedural,0.0
Haiku,c0_neutral,1,ref_clarity (EN→EL),logical_operations,procedural,0.0
Haiku,c0_neutral,1,ref_clarity (EN→EL),mistranslation,judgment,0.4696682183138621
Haiku,c0_neutral,1,ref_clarity (EN→EL),omission,judgment,0.0
Haiku,c0_neutral,1,ref_clarity (EN→EL),redundancy,judgment,0.0
Haiku,c0_neutral,1,ref_clarity (EN→EL),referential_clarity,judgment,1.1440382552221602
Haiku,c0_neutral,1,ref_clarity (EN→EL),spelling_punctuation,procedural,0.0
Haiku,c0_neutral,1,ref_clarity (EN→EL),terminology,judgment,0.0
Haiku,c0_neutral,1,ref_clarity (EN→EL),untranslated,judgment,0.0
Haiku,c0_neutral,1,ref_clarity (EN→ES),abstraction,judgment,0.0
Haiku,c0_neutral,1,ref_clarity (EN→ES),addition,judgment,0.0
Haiku,c0_neutral,1,ref_clarity (EN→ES),do_not_translate,procedural,0.0
Haiku,c0_neutral,1,ref_clarity (EN→ES),fluency,judgment,0.0
Haiku,c0_neutral,1,ref_clarity (EN→ES),focus,judgment,0.0
Haiku,c0_neutral,1,ref_clarity (EN→ES),function_words,judgment,0.0
Haiku,c0_neutral,1,ref_clarity (EN→ES),grammar,procedural,0.0
Haiku,c0_neutral,1,ref_clarity (EN→ES),locale_conventions,procedural,0.0
Haiku,c0_neutral,1,ref_clarity (EN→ES),logical_operations,procedural,0.0
Haiku,c0_neutral,1,ref_clarity (EN→ES),mistranslation,judgment,0.437237316097603
Haiku,c0_neutral,1,ref_clarity (EN→ES),omission,judgment,0.0
Haiku,c0_neutral,1,ref_clarity (EN→ES),redundancy,judgment,0.0
Haiku,c0_neutral,1,ref_clarity (EN→ES),referential_clarity,judgment,0.5144957554275265
Haiku,c0_neutral,1,ref_clarity (EN→ES),spelling_punctuation,procedural,0.0
Haiku,c0_neutral,1,ref_clarity (EN→ES),terminology,judgment,0.0
Haiku,c0_neutral,1,ref_clarity (EN→ES),untranslated,judgment,0.0
Haiku,c0_neutral,1,untranslated (EN→ES),abstraction,judgment,0.0
Haiku,c0_neutral,1,untranslated (EN→ES),addition,judgment,0.0
Haiku,c0_neutral,1,untranslated (EN→ES),do_not_translate,procedural,0.0
Haiku,c0_neutral,1,untranslated (EN→ES),fluency,judgment,0.492592183071889
Haiku,c0_neutral,1,untranslated (EN→ES),focus,judgment,0.0
Haiku,c0_neutral,1,untranslated (EN→ES),function_words,judgment,0.0
Haiku,c0_neutral,1,untranslated (EN→ES),grammar,procedural,0.0
Haiku,c0_neutral,1,untranslated (EN→ES),locale_conventions,procedural,0.0
Haiku,c0_neutral,1,untranslated (EN→ES),logical_operations,procedural,0.0
Haiku,c0_neutral,1,untranslated (EN→ES),mistranslation,judgment,0.0
Haiku,c0_neutral,1,untranslated (EN→ES),omission,judgment,0.0
Haiku,c0_neutral,1,untranslated (EN→ES),redundancy,judgment,0.0
Haiku,c0_neutral,1,untranslated (EN→ES),referential_clarity,judgment,0.0
Haiku,c0_neutral,1,untranslated (EN→ES),spelling_punctuation,procedural,0.0
Haiku,c0_neutral,1,untranslated (EN→ES),terminology,judgment,0.9926198253344827
Haiku,c0_neutral,1,untranslated (EN→ES),untranslated,judgment,0.24253562503633297
Haiku,c1_safety,0,abstraction (EN→EL),abstraction,judgment,0.0
Haiku,c1_safety,0,abstraction (EN→EL),addition,judgment,0.0
Haiku,c1_safety,0,abstraction (EN→EL),do_not_translate,procedural,0.0
Haiku,c1_safety,0,abstraction (EN→EL),fluency,judgment,0.0
Haiku,c1_safety,0,abstraction (EN→EL),focus,judgment,0.0
Haiku,c1_safety,0,abstraction (EN→EL),function_words,judgment,0.0
Haiku,c1_safety,0,abstraction (EN→EL),grammar,procedural,0.0
Haiku,c1_safety,0,abstraction (EN→EL),locale_conventions,procedural,0.0
Haiku,c1_safety,0,abstraction (EN→EL),logical_operations,procedural,0.0
Haiku,c1_safety,0,abstraction (EN→EL),mistranslation,judgment,0.0
Haiku,c1_safety,0,abstraction (EN→EL),omission,judgment,0.24253562503633297
Haiku,c1_safety,0,abstraction (EN→EL),redundancy,judgment,0.0
Haiku,c1_safety,0,abstraction (EN→EL),referential_clarity,judgment,0.0
Haiku,c1_safety,0,abstraction (EN→EL),spelling_punctuation,procedural,0.0
Haiku,c1_safety,0,abstraction (EN→EL),terminology,judgment,0.0
Haiku,c1_safety,0,abstraction (EN→EL),untranslated,judgment,0.0
Haiku,c1_safety,0,func_words (EN→ES),abstraction,judgment,0.0
Haiku,c1_safety,0,func_words (EN→ES),addition,judgment,0.0
Haiku,c1_safety,0,func_words (EN→ES),do_not_translate,procedural,0.0
Haiku,c1_safety,0,func_words (EN→ES),fluency,judgment,0.5072996561958922
Haiku,c1_safety,0,func_words (EN→ES),focus,judgment,0.0
Haiku,c1_safety,0,func_words (EN→ES),function_words,judgment,0.4696682183138621
Haiku,c1_safety,0,func_words (EN→ES),grammar,procedural,0.0
Haiku,c1_safety,0,func_words (EN→ES),locale_conventions,procedural,0.0
Haiku,c1_safety,0,func_words (EN→ES),logical_operations,procedural,0.0
Haiku,c1_safety,0,func_words (EN→ES),mistranslation,judgment,0.0
Haiku,c1_safety,0,func_words (EN→ES),omission,judgment,0.0
Haiku,c1_safety,0,func_words (EN→ES),redundancy,judgment,0.0
Haiku,c1_safety,0,func_words (EN→ES),referential_clarity,judgment,0.0
Haiku,c1_safety,0,func_words (EN→ES),spelling_punctuation,procedural,0.0
Haiku,c1_safety,0,func_words (EN→ES),terminology,judgment,0.0
Haiku,c1_safety,0,func_words (EN→ES),untranslated,judgment,0.0
Haiku,c1_safety,0,grammar (EN→EL),abstraction,judgment,0.0
Haiku,c1_safety,0,grammar (EN→EL),addition,judgment,0.0
Haiku,c1_safety,0,grammar (EN→EL),do_not_translate,procedural,0.0
Haiku,c1_safety,0,grammar (EN→EL),fluency,judgment,0.5622957145383871
Haiku,c1_safety,0,grammar (EN→EL),focus,judgment,0.0
Haiku,c1_safety,0,grammar (EN→EL),function_words,judgment,0.0
Haiku,c1_safety,0,grammar (EN→EL),grammar,procedural,0.42874646285627216
Haiku,c1_safety,0,grammar (EN→EL),locale_conventions,procedural,0.0
Haiku,c1_safety,0,grammar (EN→EL),logical_operations,procedural,0.242535625036333
Haiku,c1_safety,0,grammar (EN→EL),mistranslation,judgment,1.3906198364081266
Haiku,c1_safety,0,grammar (EN→EL),omission,judgment,0.0
Haiku,c1_safety,0,grammar (EN→EL),redundancy,judgment,0.0
Haiku,c1_safety,0,grammar (EN→EL),referential_clarity,judgment,0.0
Haiku,c1_safety,0,grammar (EN→EL),spelling_punctuation,procedural,0.0
Haiku,c1_safety,0,grammar (EN→EL),terminology,judgment,0.0
Haiku,c1_safety,0,grammar (EN→EL),untranslated,judgment,0.0
Haiku,c1_safety,0,locale_conv (EN→EL),abstraction,judgment,0.0
Haiku,c1_safety,0,locale_conv (EN→EL),addition,judgment,0.0
Haiku,c1_safety,0,locale_conv (EN→EL),do_not_translate,procedural,0.0
Haiku,c1_safety,0,locale_conv (EN→EL),fluency,judgment,0.3929526239966879
Haiku,c1_safety,0,locale_conv (EN→EL),focus,judgment,0.0
Haiku,c1_safety,0,locale_conv (EN→EL),function_words,judgment,0.0
Haiku,c1_safety,0,locale_conv (EN→EL),grammar,procedural,0.0
Haiku,c1_safety,0,locale_conv (EN→EL),locale_conventions,procedural,0.46966821831386213
Haiku,c1_safety,0,locale_conv (EN→EL),logical_operations,procedural,0.0
Haiku,c1_safety,0,locale_conv (EN→EL),mistranslation,judgment,0.0
Haiku,c1_safety,0,locale_conv (EN→EL),omission,judgment,0.0
Haiku,c1_safety,0,locale_conv (EN→EL),redundancy,judgment,0.0
Haiku,c1_safety,0,locale_conv (EN→EL),referential_clarity,judgment,0.0
Haiku,c1_safety,0,locale_conv (EN→EL),spelling_punctuation,procedural,0.0
Haiku,c1_safety,0,locale_conv (EN→EL),terminology,judgment,0.0
Haiku,c1_safety,0,locale_conv (EN→EL),untranslated,judgment,0.0
Haiku,c1_safety,0,mistranslation (EN→ES),abstraction,judgment,0.0
Haiku,c1_safety,0,mistranslation (EN→ES),addition,judgment,1.147247344990711
Haiku,c1_safety,0,mistranslation (EN→ES),do_not_translate,procedural,0.0
Haiku,c1_safety,0,mistranslation (EN→ES),fluency,judgment,0.0
Haiku,c1_safety,0,mistranslation (EN→ES),focus,judgment,0.0
Haiku,c1_safety,0,mistranslation (EN→ES),function_words,judgment,0.0
Haiku,c1_safety,0,mistranslation (EN→ES),grammar,procedural,0.0
Haiku,c1_safety,0,mistranslation (EN→ES),locale_conventions,procedural,0.0
Haiku,c1_safety,0,mistranslation (EN→ES),logical_operations,procedural,0.0
Haiku,c1_safety,0,mistranslation (EN→ES),mistranslation,judgment,1.3449251017851385
Haiku,c1_safety,0,mistranslation (EN→ES),omission,judgment,0.7276068751089989
Haiku,c1_safety,0,mistranslation (EN→ES),redundancy,judgment,0.0
Haiku,c1_safety,0,mistranslation (EN→ES),referential_clarity,judgment,0.0
Haiku,c1_safety,0,mistranslation (EN→ES),spelling_punctuation,procedural,0.0
Haiku,c1_safety,0,mistranslation (EN→ES),terminology,judgment,0.0
Haiku,c1_safety,0,mistranslation (EN→ES),untranslated,judgment,0.0
Haiku,c1_safety,0,omission (EN→EL),abstraction,judgment,0.0
Haiku,c1_safety,0,omission (EN→EL),addition,judgment,0.0
Haiku,c1_safety,0,omission (EN→EL),do_not_translate,procedural,0.0
Haiku,c1_safety,0,omission (EN→EL),fluency,judgment,0.0
Haiku,c1_safety,0,omission (EN→EL),focus,judgment,0.0
Haiku,c1_safety,0,omission (EN→EL),function_words,judgment,0.0
Haiku,c1_safety,0,omission (EN→EL),grammar,procedural,0.0
Haiku,c1_safety,0,omission (EN→EL),locale_conventions,procedural,0.0
Haiku,c1_safety,0,omission (EN→EL),logical_operations,procedural,0.0
Haiku,c1_safety,0,omission (EN→EL),mistranslation,judgment,0.0
Haiku,c1_safety,0,omission (EN→EL),omission,judgment,0.0
Haiku,c1_safety,0,omission (EN→EL),redundancy,judgment,0.0
Haiku,c1_safety,0,omission (EN→EL),referential_clarity,judgment,0.0
Haiku,c1_safety,0,omission (EN→EL),spelling_punctuation,procedural,0.24253562503633297
Haiku,c1_safety,0,omission (EN→EL),terminology,judgment,0.0
Haiku,c1_safety,0,omission (EN→EL),untranslated,judgment,0.0
Haiku,c1_safety,0,omission (EN→ES),abstraction,judgment,0.0
Haiku,c1_safety,0,omission (EN→ES),addition,judgment,0.0
Haiku,c1_safety,0,omission (EN→ES),do_not_translate,procedural,0.0
Haiku,c1_safety,0,omission (EN→ES),fluency,judgment,0.0
Haiku,c1_safety,0,omission (EN→ES),focus,judgment,0.0
Haiku,c1_safety,0,omission (EN→ES),function_words,judgment,0.0
Haiku,c1_safety,0,omission (EN→ES),grammar,procedural,0.0
Haiku,c1_safety,0,omission (EN→ES),locale_conventions,procedural,0.0
Haiku,c1_safety,0,omission (EN→ES),logical_operations,procedural,0.0
Haiku,c1_safety,0,omission (EN→ES),mistranslation,judgment,0.0
Haiku,c1_safety,0,omission (EN→ES),omission,judgment,0.0
Haiku,c1_safety,0,omission (EN→ES),redundancy,judgment,0.0
Haiku,c1_safety,0,omission (EN→ES),referential_clarity,judgment,0.0
Haiku,c1_safety,0,omission (EN→ES),spelling_punctuation,procedural,0.0
Haiku,c1_safety,0,omission (EN→ES),terminology,judgment,0.0
Haiku,c1_safety,0,omission (EN→ES),untranslated,judgment,0.0
Haiku,c1_safety,0,redundancy (EN→ES),abstraction,judgment,0.0
Haiku,c1_safety,0,redundancy (EN→ES),addition,judgment,0.4850712500726659
Haiku,c1_safety,0,redundancy (EN→ES),do_not_translate,procedural,0.0
Haiku,c1_safety,0,redundancy (EN→ES),fluency,judgment,0.33210558207753577
Haiku,c1_safety,0,redundancy (EN→ES),focus,judgment,0.0
Haiku,c1_safety,0,redundancy (EN→ES),function_words,judgment,0.0
Haiku,c1_safety,0,redundancy (EN→ES),grammar,procedural,0.0
Haiku,c1_safety,0,redundancy (EN→ES),locale_conventions,procedural,0.0
Haiku,c1_safety,0,redundancy (EN→ES),logical_operations,procedural,0.0
Haiku,c1_safety,0,redundancy (EN→ES),mistranslation,judgment,0.0
Haiku,c1_safety,0,redundancy (EN→ES),omission,judgment,0.0
Haiku,c1_safety,0,redundancy (EN→ES),redundancy,judgment,0.43723731609760313
Haiku,c1_safety,0,redundancy (EN→ES),referential_clarity,judgment,0.0
Haiku,c1_safety,0,redundancy (EN→ES),spelling_punctuation,procedural,0.0
Haiku,c1_safety,0,redundancy (EN→ES),terminology,judgment,0.0
Haiku,c1_safety,0,redundancy (EN→ES),untranslated,judgment,0.0
Haiku,c1_safety,0,ref_clarity (EN→EL),abstraction,judgment,0.0
Haiku,c1_safety,0,ref_clarity (EN→EL),addition,judgment,0.0
Haiku,c1_safety,0,ref_clarity (EN→EL),do_not_translate,procedural,0.0
Haiku,c1_safety,0,ref_clarity (EN→EL),fluency,judgment,0.0
Haiku,c1_safety,0,ref_clarity (EN→EL),focus,judgment,0.0
Haiku,c1_safety,0,ref_clarity (EN→EL),function_words,judgment,0.0
Haiku,c1_safety,0,ref_clarity (EN→EL),grammar,procedural,0.0
Haiku,c1_safety,0,ref_clarity (EN→EL),locale_conventions,procedural,0.0
Haiku,c1_safety,0,ref_clarity (EN→EL),logical_operations,procedural,0.0
Haiku,c1_safety,0,ref_clarity (EN→EL),mistranslation,judgment,0.7018882096342192
Haiku,c1_safety,0,ref_clarity (EN→EL),omission,judgment,0.0
Haiku,c1_safety,0,ref_clarity (EN→EL),redundancy,judgment,0.0
Haiku,c1_safety,0,ref_clarity (EN→EL),referential_clarity,judgment,0.485071250072666
Haiku,c1_safety,0,ref_clarity (EN→EL),spelling_punctuation,procedural,0.0
Haiku,c1_safety,0,ref_clarity (EN→EL),terminology,judgment,0.0
Haiku,c1_safety,0,ref_clarity (EN→EL),untranslated,judgment,0.0
Haiku,c1_safety,0,ref_clarity (EN→ES),abstraction,judgment,0.0
Haiku,c1_safety,0,ref_clarity (EN→ES),addition,judgment,0.0
Haiku,c1_safety,0,ref_clarity (EN→ES),do_not_translate,procedural,0.0
Haiku,c1_safety,0,ref_clarity (EN→ES),fluency,judgment,0.0
Haiku,c1_safety,0,ref_clarity (EN→ES),focus,judgment,0.0
Haiku,c1_safety,0,ref_clarity (EN→ES),function_words,judgment,0.0
Haiku,c1_safety,0,ref_clarity (EN→ES),grammar,procedural,0.0
Haiku,c1_safety,0,ref_clarity (EN→ES),locale_conventions,procedural,0.0
Haiku,c1_safety,0,ref_clarity (EN→ES),logical_operations,procedural,0.0
Haiku,c1_safety,0,ref_clarity (EN→ES),mistranslation,judgment,0.0
Haiku,c1_safety,0,ref_clarity (EN→ES),omission,judgment,0.0
Haiku,c1_safety,0,ref_clarity (EN→ES),redundancy,judgment,0.0
Haiku,c1_safety,0,ref_clarity (EN→ES),referential_clarity,judgment,0.5285941398709245
Haiku,c1_safety,0,ref_clarity (EN→ES),spelling_punctuation,procedural,0.0
Haiku,c1_safety,0,ref_clarity (EN→ES),terminology,judgment,0.0
Haiku,c1_safety,0,ref_clarity (EN→ES),untranslated,judgment,0.0
Haiku,c1_safety,0,untranslated (EN→ES),abstraction,judgment,0.0
Haiku,c1_safety,0,untranslated (EN→ES),addition,judgment,0.0
Haiku,c1_safety,0,untranslated (EN→ES),do_not_translate,procedural,0.0
Haiku,c1_safety,0,untranslated (EN→ES),fluency,judgment,0.5285941398709244
Haiku,c1_safety,0,untranslated (EN→ES),focus,judgment,0.0
Haiku,c1_safety,0,untranslated (EN→ES),function_words,judgment,0.0
Haiku,c1_safety,0,untranslated (EN→ES),grammar,procedural,0.0
Haiku,c1_safety,0,untranslated (EN→ES),locale_conventions,procedural,0.0
Haiku,c1_safety,0,untranslated (EN→ES),logical_operations,procedural,0.0
Haiku,c1_safety,0,untranslated (EN→ES),mistranslation,judgment,0.0
Haiku,c1_safety,0,untranslated (EN→ES),omission,judgment,0.0
Haiku,c1_safety,0,untranslated (EN→ES),redundancy,judgment,0.0
Haiku,c1_safety,0,untranslated (EN→ES),referential_clarity,judgment,0.0
Haiku,c1_safety,0,untranslated (EN→ES),spelling_punctuation,procedural,0.0
Haiku,c1_safety,0,untranslated (EN→ES),terminology,judgment,1.0289915108550531
Haiku,c1_safety,0,untranslated (EN→ES),untranslated,judgment,0.0
Haiku,c1_safety,1,abstraction (EN→EL),abstraction,judgment,0.5353033790313108
Haiku,c1_safety,1,abstraction (EN→EL),addition,judgment,0.0
Haiku,c1_safety,1,abstraction (EN→EL),do_not_translate,procedural,0.0
Haiku,c1_safety,1,abstraction (EN→EL),fluency,judgment,0.0
Haiku,c1_safety,1,abstraction (EN→EL),focus,judgment,0.0
Haiku,c1_safety,1,abstraction (EN→EL),function_words,judgment,0.0
Haiku,c1_safety,1,abstraction (EN→EL),grammar,procedural,0.0
Haiku,c1_safety,1,abstraction (EN→EL),locale_conventions,procedural,0.0
Haiku,c1_safety,1,abstraction (EN→EL),logical_operations,procedural,0.6306035352846115
Haiku,c1_safety,1,abstraction (EN→EL),mistranslation,judgment,0.0
Haiku,c1_safety,1,abstraction (EN→EL),omission,judgment,0.6882472016116853
Haiku,c1_safety,1,abstraction (EN→EL),redundancy,judgment,0.0
Haiku,c1_safety,1,abstraction (EN→EL),referential_clarity,judgment,0.0
Haiku,c1_safety,1,abstraction (EN→EL),spelling_punctuation,procedural,0.0
Haiku,c1_safety,1,abstraction (EN→EL),terminology,judgment,0.0
Haiku,c1_safety,1,abstraction (EN→EL),untranslated,judgment,0.0
Haiku,c1_safety,1,func_words (EN→ES),abstraction,judgment,0.0
Haiku,c1_safety,1,func_words (EN→ES),addition,judgment,0.0
Haiku,c1_safety,1,func_words (EN→ES),do_not_translate,procedural,0.0
Haiku,c1_safety,1,func_words (EN→ES),fluency,judgment,0.5072572735017881
Haiku,c1_safety,1,func_words (EN→ES),focus,judgment,0.0
Haiku,c1_safety,1,func_words (EN→ES),function_words,judgment,0.3746343246326776
Haiku,c1_safety,1,func_words (EN→ES),grammar,procedural,0.5353033790313108
Haiku,c1_safety,1,func_words (EN→ES),locale_conventions,procedural,0.0
Haiku,c1_safety,1,func_words (EN→ES),logical_operations,procedural,0.0
Haiku,c1_safety,1,func_words (EN→ES),mistranslation,judgment,0.0
Haiku,c1_safety,1,func_words (EN→ES),omission,judgment,0.0
Haiku,c1_safety,1,func_words (EN→ES),redundancy,judgment,0.0
Haiku,c1_safety,1,func_words (EN→ES),referential_clarity,judgment,0.0
Haiku,c1_safety,1,func_words (EN→ES),spelling_punctuation,procedural,0.0
Haiku,c1_safety,1,func_words (EN→ES),terminology,judgment,0.0
Haiku,c1_safety,1,func_words (EN→ES),untranslated,judgment,0.0
Haiku,c1_safety,1,grammar (EN→EL),abstraction,judgment,0.0
Haiku,c1_safety,1,grammar (EN→EL),addition,judgment,0.0
Haiku,c1_safety,1,grammar (EN→EL),do_not_translate,procedural,0.0
Haiku,c1_safety,1,grammar (EN→EL),fluency,judgment,0.501459857121279
Haiku,c1_safety,1,grammar (EN→EL),focus,judgment,0.0
Haiku,c1_safety,1,grammar (EN→EL),function_words,judgment,0.0
Haiku,c1_safety,1,grammar (EN→EL),grammar,procedural,0.8342100651206134
Haiku,c1_safety,1,grammar (EN→EL),locale_conventions,procedural,0.0
Haiku,c1_safety,1,grammar (EN→EL),logical_operations,procedural,0.0
Haiku,c1_safety,1,grammar (EN→EL),mistranslation,judgment,1.1081832770072813
Haiku,c1_safety,1,grammar (EN→EL),omission,judgment,0.0
Haiku,c1_safety,1,grammar (EN→EL),redundancy,judgment,0.0
Haiku,c1_safety,1,grammar (EN→EL),referential_clarity,judgment,0.0
Haiku,c1_safety,1,grammar (EN→EL),spelling_punctuation,procedural,0.0
Haiku,c1_safety,1,grammar (EN→EL),terminology,judgment,0.0
Haiku,c1_safety,1,grammar (EN→EL),untranslated,judgment,0.0
Haiku,c1_safety,1,locale_conv (EN→EL),abstraction,judgment,0.0
Haiku,c1_safety,1,locale_conv (EN→EL),addition,judgment,0.0
Haiku,c1_safety,1,locale_conv (EN→EL),do_not_translate,procedural,0.0
Haiku,c1_safety,1,locale_conv (EN→EL),fluency,judgment,0.2294157338705618
Haiku,c1_safety,1,locale_conv (EN→EL),focus,judgment,0.0
Haiku,c1_safety,1,locale_conv (EN→EL),function_words,judgment,0.0
Haiku,c1_safety,1,locale_conv (EN→EL),grammar,procedural,0.0
Haiku,c1_safety,1,locale_conv (EN→EL),locale_conventions,procedural,0.45241392835886407
Haiku,c1_safety,1,locale_conv (EN→EL),logical_operations,procedural,0.0
Haiku,c1_safety,1,locale_conv (EN→EL),mistranslation,judgment,0.0
Haiku,c1_safety,1,locale_conv (EN→EL),omission,judgment,0.0
Haiku,c1_safety,1,locale_conv (EN→EL),redundancy,judgment,0.0
Haiku,c1_safety,1,locale_conv (EN→EL),referential_clarity,judgment,0.0
Haiku,c1_safety,1,locale_conv (EN→EL),spelling_punctuation,procedural,0.3153017676423058
Haiku,c1_safety,1,locale_conv (EN→EL),terminology,judgment,0.0
Haiku,c1_safety,1,locale_conv (EN→EL),untranslated,judgment,0.0
Haiku,c1_safety,1,mistranslation (EN→ES),abstraction,judgment,0.0
Haiku,c1_safety,1,mistranslation (EN→ES),addition,judgment,1.3000224919331833
Haiku,c1_safety,1,mistranslation (EN→ES),do_not_translate,procedural,0.0
Haiku,c1_safety,1,mistranslation (EN→ES),fluency,judgment,0.2294157338705617
Haiku,c1_safety,1,mistranslation (EN→ES),focus,judgment,0.0
Haiku,c1_safety,1,mistranslation (EN→ES),function_words,judgment,0.0
Haiku,c1_safety,1,mistranslation (EN→ES),grammar,procedural,0.0
Haiku,c1_safety,1,mistranslation (EN→ES),locale_conventions,procedural,0.0
Haiku,c1_safety,1,mistranslation (EN→ES),logical_operations,procedural,0.0
Haiku,c1_safety,1,mistranslation (EN→ES),mistranslation,judgment,1.172292201564078
Haiku,c1_safety,1,mistranslation (EN→ES),omission,judgment,1.2042808632793343
Haiku,c1_safety,1,mistranslation (EN→ES),redundancy,judgment,0.0
Haiku,c1_safety,1,mistranslation (EN→ES),referential_clarity,judgment,0.0
Haiku,c1_safety,1,mistranslation (EN→ES),spelling_punctuation,procedural,0.0
Haiku,c1_safety,1,mistranslation (EN→ES),terminology,judgment,0.0
Haiku,c1_safety,1,mistranslation (EN→ES),untranslated,judgment,0.0
Haiku,c1_safety,1,omission (EN→EL),abstraction,judgment,0.0
Haiku,c1_safety,1,omission (EN→EL),addition,judgment,0.0
Haiku,c1_safety,1,omission (EN→EL),do_not_translate,procedural,0.0
Haiku,c1_safety,1,omission (EN→EL),fluency,judgment,0.3153017676423058
Haiku,c1_safety,1,omission (EN→EL),focus,judgment,0.0
Haiku,c1_safety,1,omission (EN→EL),function_words,judgment,0.0
Haiku,c1_safety,1,omission (EN→EL),grammar,procedural,0.22941573387056177
Haiku,c1_safety,1,omission (EN→EL),locale_conventions,procedural,0.0
Haiku,c1_safety,1,omission (EN→EL),logical_operations,procedural,0.0
Haiku,c1_safety,1,omission (EN→EL),mistranslation,judgment,0.0
Haiku,c1_safety,1,omission (EN→EL),omission,judgment,0.47756693294091923
Haiku,c1_safety,1,omission (EN→EL),redundancy,judgment,0.0
Haiku,c1_safety,1,omission (EN→EL),referential_clarity,judgment,0.0
Haiku,c1_safety,1,omission (EN→EL),spelling_punctuation,procedural,0.37463432463267754
Haiku,c1_safety,1,omission (EN→EL),terminology,judgment,0.0
Haiku,c1_safety,1,omission (EN→EL),untranslated,judgment,0.0
Haiku,c1_safety,1,omission (EN→ES),abstraction,judgment,0.0
Haiku,c1_safety,1,omission (EN→ES),addition,judgment,0.0
Haiku,c1_safety,1,omission (EN→ES),do_not_translate,procedural,0.0
Haiku,c1_safety,1,omission (EN→ES),fluency,judgment,0.0
Haiku,c1_safety,1,omission (EN→ES),focus,judgment,0.0
Haiku,c1_safety,1,omission (EN→ES),function_words,judgment,0.0
Haiku,c1_safety,1,omission (EN→ES),grammar,procedural,0.0
Haiku,c1_safety,1,omission (EN→ES),locale_conventions,procedural,0.0
Haiku,c1_safety,1,omission (EN→ES),logical_operations,procedural,0.0
Haiku,c1_safety,1,omission (EN→ES),mistranslation,judgment,0.0
Haiku,c1_safety,1,omission (EN→ES),omission,judgment,0.47756693294091923
Haiku,c1_safety,1,omission (EN→ES),redundancy,judgment,0.0
Haiku,c1_safety,1,omission (EN→ES),referential_clarity,judgment,0.0
Haiku,c1_safety,1,omission (EN→ES),spelling_punctuation,procedural,0.0
Haiku,c1_safety,1,omission (EN→ES),terminology,judgment,0.0
Haiku,c1_safety,1,omission (EN→ES),untranslated,judgment,0.0
Haiku,c1_safety,1,redundancy (EN→ES),abstraction,judgment,0.0
Haiku,c1_safety,1,redundancy (EN→ES),addition,judgment,0.9334586382051249
Haiku,c1_safety,1,redundancy (EN→ES),do_not_translate,procedural,0.0
Haiku,c1_safety,1,redundancy (EN→ES),fluency,judgment,0.4188539082916954
Haiku,c1_safety,1,redundancy (EN→ES),focus,judgment,0.2294157338705618
Haiku,c1_safety,1,redundancy (EN→ES),function_words,judgment,0.0
Haiku,c1_safety,1,redundancy (EN→ES),grammar,procedural,0.0
Haiku,c1_safety,1,redundancy (EN→ES),locale_conventions,procedural,0.0
Haiku,c1_safety,1,redundancy (EN→ES),logical_operations,procedural,0.0
Haiku,c1_safety,1,redundancy (EN→ES),mistranslation,judgment,0.0
Haiku,c1_safety,1,redundancy (EN→ES),omission,judgment,0.0
Haiku,c1_safety,1,redundancy (EN→ES),redundancy,judgment,0.22941573387056174
Haiku,c1_safety,1,redundancy (EN→ES),referential_clarity,judgment,0.0
Haiku,c1_safety,1,redundancy (EN→ES),spelling_punctuation,procedural,0.0
Haiku,c1_safety,1,redundancy (EN→ES),terminology,judgment,0.0
Haiku,c1_safety,1,redundancy (EN→ES),untranslated,judgment,0.0
Haiku,c1_safety,1,ref_clarity (EN→EL),abstraction,judgment,0.0
Haiku,c1_safety,1,ref_clarity (EN→EL),addition,judgment,0.0
Haiku,c1_safety,1,ref_clarity (EN→EL),do_not_translate,procedural,0.0
Haiku,c1_safety,1,ref_clarity (EN→EL),fluency,judgment,0.4524139283588641
Haiku,c1_safety,1,ref_clarity (EN→EL),focus,judgment,0.0
Haiku,c1_safety,1,ref_clarity (EN→EL),function_words,judgment,0.0
Haiku,c1_safety,1,ref_clarity (EN→EL),grammar,procedural,0.0
Haiku,c1_safety,1,ref_clarity (EN→EL),locale_conventions,procedural,0.0
Haiku,c1_safety,1,ref_clarity (EN→EL),logical_operations,procedural,0.0
Haiku,c1_safety,1,ref_clarity (EN→EL),mistranslation,judgment,0.6117752903214979
Haiku,c1_safety,1,ref_clarity (EN→EL),omission,judgment,0.0
Haiku,c1_safety,1,ref_clarity (EN→EL),redundancy,judgment,0.0
Haiku,c1_safety,1,ref_clarity (EN→EL),referential_clarity,judgment,1.067872125861979
Haiku,c1_safety,1,ref_clarity (EN→EL),spelling_punctuation,procedural,0.0
Haiku,c1_safety,1,ref_clarity (EN→EL),terminology,judgment,0.0
Haiku,c1_safety,1,ref_clarity (EN→EL),untranslated,judgment,0.0
Haiku,c1_safety,1,ref_clarity (EN→ES),abstraction,judgment,0.0
Haiku,c1_safety,1,ref_clarity (EN→ES),addition,judgment,0.0
Haiku,c1_safety,1,ref_clarity (EN→ES),do_not_translate,procedural,0.0
Haiku,c1_safety,1,ref_clarity (EN→ES),fluency,judgment,0.0
Haiku,c1_safety,1,ref_clarity (EN→ES),focus,judgment,0.0
Haiku,c1_safety,1,ref_clarity (EN→ES),function_words,judgment,0.0
Haiku,c1_safety,1,ref_clarity (EN→ES),grammar,procedural,0.0
Haiku,c1_safety,1,ref_clarity (EN→ES),locale_conventions,procedural,0.0
Haiku,c1_safety,1,ref_clarity (EN→ES),logical_operations,procedural,0.0
Haiku,c1_safety,1,ref_clarity (EN→ES),mistranslation,judgment,0.5072572735017881
Haiku,c1_safety,1,ref_clarity (EN→ES),omission,judgment,0.0
Haiku,c1_safety,1,ref_clarity (EN→ES),redundancy,judgment,0.0
Haiku,c1_safety,1,ref_clarity (EN→ES),referential_clarity,judgment,0.6924826089821248
Haiku,c1_safety,1,ref_clarity (EN→ES),spelling_punctuation,procedural,0.0
Haiku,c1_safety,1,ref_clarity (EN→ES),terminology,judgment,0.0
Haiku,c1_safety,1,ref_clarity (EN→ES),untranslated,judgment,0.0
Haiku,c1_safety,1,untranslated (EN→ES),abstraction,judgment,0.0
Haiku,c1_safety,1,untranslated (EN→ES),addition,judgment,0.0
Haiku,c1_safety,1,untranslated (EN→ES),do_not_translate,procedural,0.0
Haiku,c1_safety,1,untranslated (EN→ES),fluency,judgment,0.3153017676423057
Haiku,c1_safety,1,untranslated (EN→ES),focus,judgment,0.0
Haiku,c1_safety,1,untranslated (EN→ES),function_words,judgment,0.0
Haiku,c1_safety,1,untranslated (EN→ES),grammar,procedural,0.0
Haiku,c1_safety,1,untranslated (EN→ES),locale_conventions,procedural,0.0
Haiku,c1_safety,1,untranslated (EN→ES),logical_operations,procedural,0.0
Haiku,c1_safety,1,untranslated (EN→ES),mistranslation,judgment,0.0
Haiku,c1_safety,1,untranslated (EN→ES),omission,judgment,0.0
Haiku,c1_safety,1,untranslated (EN→ES),redundancy,judgment,0.0
Haiku,c1_safety,1,untranslated (EN→ES),referential_clarity,judgment,0.0
Haiku,c1_safety,1,untranslated (EN→ES),spelling_punctuation,procedural,0.2294157338705618
Haiku,c1_safety,1,untranslated (EN→ES),terminology,judgment,0.9911892555667041
Haiku,c1_safety,1,untranslated (EN→ES),untranslated,judgment,0.3333333333333333
Haiku,c2_trust,0,abstraction (EN→EL),abstraction,judgment,0.3077935056255462
Haiku,c2_trust,0,abstraction (EN→EL),addition,judgment,0.0
Haiku,c2_trust,0,abstraction (EN→EL),do_not_translate,procedural,0.0
Haiku,c2_trust,0,abstraction (EN→EL),fluency,judgment,0.0
Haiku,c2_trust,0,abstraction (EN→EL),focus,judgment,0.0
Haiku,c2_trust,0,abstraction (EN→EL),function_words,judgment,0.0
Haiku,c2_trust,0,abstraction (EN→EL),grammar,procedural,0.0
Haiku,c2_trust,0,abstraction (EN→EL),locale_conventions,procedural,0.0
Haiku,c2_trust,0,abstraction (EN→EL),logical_operations,procedural,0.0
Haiku,c2_trust,0,abstraction (EN→EL),mistranslation,judgment,0.0
Haiku,c2_trust,0,abstraction (EN→EL),omission,judgment,0.223606797749979
Haiku,c2_trust,0,abstraction (EN→EL),redundancy,judgment,0.0
Haiku,c2_trust,0,abstraction (EN→EL),referential_clarity,judgment,0.0
Haiku,c2_trust,0,abstraction (EN→EL),spelling_punctuation,procedural,0.0
Haiku,c2_trust,0,abstraction (EN→EL),terminology,judgment,0.0
Haiku,c2_trust,0,abstraction (EN→EL),untranslated,judgment,0.0
Haiku,c2_trust,0,func_words (EN→ES),abstraction,judgment,0.0
Haiku,c2_trust,0,func_words (EN→ES),addition,judgment,0.0
Haiku,c2_trust,0,func_words (EN→ES),do_not_translate,procedural,0.0
Haiku,c2_trust,0,func_words (EN→ES),fluency,judgment,0.5104177855340405
Haiku,c2_trust,0,func_words (EN→ES),focus,judgment,0.0
Haiku,c2_trust,0,func_words (EN→ES),function_words,judgment,0.22360679774997894
Haiku,c2_trust,0,func_words (EN→ES),grammar,procedural,0.3663475485325233
Haiku,c2_trust,0,func_words (EN→ES),locale_conventions,procedural,0.0
Haiku,c2_trust,0,func_words (EN→ES),logical_operations,procedural,0.0
Haiku,c2_trust,0,func_words (EN→ES),mistranslation,judgment,0.0
Haiku,c2_trust,0,func_words (EN→ES),omission,judgment,0.0
Haiku,c2_trust,0,func_words (EN→ES),redundancy,judgment,0.0
Haiku,c2_trust,0,func_words (EN→ES),referential_clarity,judgment,0.0
Haiku,c2_trust,0,func_words (EN→ES),spelling_punctuation,procedural,0.0
Haiku,c2_trust,0,func_words (EN→ES),terminology,judgment,0.0
Haiku,c2_trust,0,func_words (EN→ES),untranslated,judgment,0.0
Haiku,c2_trust,0,grammar (EN→EL),abstraction,judgment,0.0
Haiku,c2_trust,0,grammar (EN→EL),addition,judgment,0.0
Haiku,c2_trust,0,grammar (EN→EL),do_not_translate,procedural,0.0
Haiku,c2_trust,0,grammar (EN→EL),fluency,judgment,0.48936048492959294
Haiku,c2_trust,0,grammar (EN→EL),focus,judgment,0.0
Haiku,c2_trust,0,grammar (EN→EL),function_words,judgment,0.0
Haiku,c2_trust,0,grammar (EN→EL),grammar,procedural,0.45883146774112354
Haiku,c2_trust,0,grammar (EN→EL),locale_conventions,procedural,0.0
Haiku,c2_trust,0,grammar (EN→EL),logical_operations,procedural,0.0
Haiku,c2_trust,0,grammar (EN→EL),mistranslation,judgment,1.4832396974191324
Haiku,c2_trust,0,grammar (EN→EL),omission,judgment,0.0
Haiku,c2_trust,0,grammar (EN→EL),redundancy,judgment,0.0
Haiku,c2_trust,0,grammar (EN→EL),referential_clarity,judgment,0.0
Haiku,c2_trust,0,grammar (EN→EL),spelling_punctuation,procedural,0.0
Haiku,c2_trust,0,grammar (EN→EL),terminology,judgment,0.0
Haiku,c2_trust,0,grammar (EN→EL),untranslated,judgment,0.0
Haiku,c2_trust,0,locale_conv (EN→EL),abstraction,judgment,0.0
Haiku,c2_trust,0,locale_conv (EN→EL),addition,judgment,0.0
Haiku,c2_trust,0,locale_conv (EN→EL),do_not_translate,procedural,0.0
Haiku,c2_trust,0,locale_conv (EN→EL),fluency,judgment,0.223606797749979
Haiku,c2_trust,0,locale_conv (EN→EL),focus,judgment,0.0
Haiku,c2_trust,0,locale_conv (EN→EL),function_words,judgment,0.0
Haiku,c2_trust,0,locale_conv (EN→EL),grammar,procedural,0.0
Haiku,c2_trust,0,locale_conv (EN→EL),locale_conventions,procedural,0.30779350562554625
Haiku,c2_trust,0,locale_conv (EN→EL),logical_operations,procedural,0.0
Haiku,c2_trust,0,locale_conv (EN→EL),mistranslation,judgment,0.0
Haiku,c2_trust,0,locale_conv (EN→EL),omission,judgment,0.0
Haiku,c2_trust,0,locale_conv (EN→EL),redundancy,judgment,0.0
Haiku,c2_trust,0,locale_conv (EN→EL),referential_clarity,judgment,0.0
Haiku,c2_trust,0,locale_conv (EN→EL),spelling_punctuation,procedural,0.0
Haiku,c2_trust,0,locale_conv (EN→EL),terminology,judgment,0.0
Haiku,c2_trust,0,locale_conv (EN→EL),untranslated,judgment,0.0
Haiku,c2_trust,0,mistranslation (EN→ES),abstraction,judgment,0.0
Haiku,c2_trust,0,mistranslation (EN→ES),addition,judgment,1.1964860832322377
Haiku,c2_trust,0,mistranslation (EN→ES),do_not_translate,procedural,0.0
Haiku,c2_trust,0,mistranslation (EN→ES),fluency,judgment,0.0
Haiku,c2_trust,0,mistranslation (EN→ES),focus,judgment,0.0
Haiku,c2_trust,0,mistranslation (EN→ES),function_words,judgment,0.0
Haiku,c2_trust,0,mistranslation (EN→ES),grammar,procedural,0.0
Haiku,c2_trust,0,mistranslation (EN→ES),locale_conventions,procedural,0.0
Haiku,c2_trust,0,mistranslation (EN→ES),logical_operations,procedural,0.0
Haiku,c2_trust,0,mistranslation (EN→ES),mistranslation,judgment,1.025978352085154
Haiku,c2_trust,0,mistranslation (EN→ES),omission,judgment,0.0
Haiku,c2_trust,0,mistranslation (EN→ES),redundancy,judgment,0.0
Haiku,c2_trust,0,mistranslation (EN→ES),referential_clarity,judgment,0.0
Haiku,c2_trust,0,mistranslation (EN→ES),spelling_punctuation,procedural,0.0
Haiku,c2_trust,0,mistranslation (EN→ES),terminology,judgment,0.0
Haiku,c2_trust,0,mistranslation (EN→ES),untranslated,judgment,0.0
Haiku,c2_trust,0,omission (EN→EL),abstraction,judgment,0.0
Haiku,c2_trust,0,omission (EN→EL),addition,judgment,0.0
Haiku,c2_trust,0,omission (EN→EL),do_not_translate,procedural,0.0
Haiku,c2_trust,0,omission (EN→EL),fluency,judgment,0.6155870112510925
Haiku,c2_trust,0,omission (EN→EL),focus,judgment,0.0
Haiku,c2_trust,0,omission (EN→EL),function_words,judgment,0.0
Haiku,c2_trust,0,omission (EN→EL),grammar,procedural,0.0
Haiku,c2_trust,0,omission (EN→EL),locale_conventions,procedural,0.0
Haiku,c2_trust,0,omission (EN→EL),logical_operations,procedural,0.0
Haiku,c2_trust,0,omission (EN→EL),mistranslation,judgment,0.0
Haiku,c2_trust,0,omission (EN→EL),omission,judgment,0.4103913408340616
Haiku,c2_trust,0,omission (EN→EL),redundancy,judgment,0.0
Haiku,c2_trust,0,omission (EN→EL),referential_clarity,judgment,0.0
Haiku,c2_trust,0,omission (EN→EL),spelling_punctuation,procedural,0.0
Haiku,c2_trust,0,omission (EN→EL),terminology,judgment,0.0
Haiku,c2_trust,0,omission (EN→EL),untranslated,judgment,0.0
Haiku,c2_trust,0,omission (EN→ES),abstraction,judgment,0.0
Haiku,c2_trust,0,omission (EN→ES),addition,judgment,0.0
Haiku,c2_trust,0,omission (EN→ES),do_not_translate,procedural,0.0
Haiku,c2_trust,0,omission (EN→ES),fluency,judgment,0.0
Haiku,c2_trust,0,omission (EN→ES),focus,judgment,0.0
Haiku,c2_trust,0,omission (EN→ES),function_words,judgment,0.0
Haiku,c2_trust,0,omission (EN→ES),grammar,procedural,0.0
Haiku,c2_trust,0,omission (EN→ES),locale_conventions,procedural,0.0
Haiku,c2_trust,0,omission (EN→ES),logical_operations,procedural,0.0
Haiku,c2_trust,0,omission (EN→ES),mistranslation,judgment,0.0
Haiku,c2_trust,0,omission (EN→ES),omission,judgment,0.4103913408340616
Haiku,c2_trust,0,omission (EN→ES),redundancy,judgment,0.0
Haiku,c2_trust,0,omission (EN→ES),referential_clarity,judgment,0.0
Haiku,c2_trust,0,omission (EN→ES),spelling_punctuation,procedural,0.0
Haiku,c2_trust,0,omission (EN→ES),terminology,judgment,0.0
Haiku,c2_trust,0,omission (EN→ES),untranslated,judgment,0.0
Haiku,c2_trust,0,redundancy (EN→ES),abstraction,judgment,0.0
Haiku,c2_trust,0,redundancy (EN→ES),addition,judgment,0.4701623459816272
Haiku,c2_trust,0,redundancy (EN→ES),do_not_translate,procedural,0.0
Haiku,c2_trust,0,redundancy (EN→ES),fluency,judgment,0.4103913408340618
Haiku,c2_trust,0,redundancy (EN→ES),focus,judgment,0.0
Haiku,c2_trust,0,redundancy (EN→ES),function_words,judgment,0.0
Haiku,c2_trust,0,redundancy (EN→ES),grammar,procedural,0.0
Haiku,c2_trust,0,redundancy (EN→ES),locale_conventions,procedural,0.0
Haiku,c2_trust,0,redundancy (EN→ES),logical_operations,procedural,0.0
Haiku,c2_trust,0,redundancy (EN→ES),mistranslation,judgment,0.0
Haiku,c2_trust,0,redundancy (EN→ES),omission,judgment,0.0
Haiku,c2_trust,0,redundancy (EN→ES),redundancy,judgment,0.5104177855340405
Haiku,c2_trust,0,redundancy (EN→ES),referential_clarity,judgment,0.0
Haiku,c2_trust,0,redundancy (EN→ES),spelling_punctuation,procedural,0.0
Haiku,c2_trust,0,redundancy (EN→ES),terminology,judgment,0.0
Haiku,c2_trust,0,redundancy (EN→ES),untranslated,judgment,0.0
Haiku,c2_trust,0,ref_clarity (EN→EL),abstraction,judgment,0.0
Haiku,c2_trust,0,ref_clarity (EN→EL),addition,judgment,0.0
Haiku,c2_trust,0,ref_clarity (EN→EL),do_not_translate,procedural,0.0
Haiku,c2_trust,0,ref_clarity (EN→EL),fluency,judgment,0.47016234598162715
Haiku,c2_trust,0,ref_clarity (EN→EL),focus,judgment,0.0
Haiku,c2_trust,0,ref_clarity (EN→EL),function_words,judgment,0.0
Haiku,c2_trust,0,ref_clarity (EN→EL),grammar,procedural,0.0
Haiku,c2_trust,0,ref_clarity (EN→EL),locale_conventions,procedural,0.0
Haiku,c2_trust,0,ref_clarity (EN→EL),logical_operations,procedural,0.0
Haiku,c2_trust,0,ref_clarity (EN→EL),mistranslation,judgment,0.5026246899500343
Haiku,c2_trust,0,ref_clarity (EN→EL),omission,judgment,0.0
Haiku,c2_trust,0,ref_clarity (EN→EL),redundancy,judgment,0.0
Haiku,c2_trust,0,ref_clarity (EN→EL),referential_clarity,judgment,0.8885233166386387
Haiku,c2_trust,0,ref_clarity (EN→EL),spelling_punctuation,procedural,0.0
Haiku,c2_trust,0,ref_clarity (EN→EL),terminology,judgment,0.0
Haiku,c2_trust,0,ref_clarity (EN→EL),untranslated,judgment,0.0
Haiku,c2_trust,0,ref_clarity (EN→ES),abstraction,judgment,0.0
Haiku,c2_trust,0,ref_clarity (EN→ES),addition,judgment,0.0
Haiku,c2_trust,0,ref_clarity (EN→ES),do_not_translate,procedural,0.0
Haiku,c2_trust,0,ref_clarity (EN→ES),fluency,judgment,0.0
Haiku,c2_trust,0,ref_clarity (EN→ES),focus,judgment,0.0
Haiku,c2_trust,0,ref_clarity (EN→ES),function_words,judgment,0.0
Haiku,c2_trust,0,ref_clarity (EN→ES),grammar,procedural,0.0
Haiku,c2_trust,0,ref_clarity (EN→ES),locale_conventions,procedural,0.0
Haiku,c2_trust,0,ref_clarity (EN→ES),logical_operations,procedural,0.0
Haiku,c2_trust,0,ref_clarity (EN→ES),mistranslation,judgment,0.4103913408340615
Haiku,c2_trust,0,ref_clarity (EN→ES),omission,judgment,0.0
Haiku,c2_trust,0,ref_clarity (EN→ES),redundancy,judgment,0.0
Haiku,c2_trust,0,ref_clarity (EN→ES),referential_clarity,judgment,0.4442616583193193
Haiku,c2_trust,0,ref_clarity (EN→ES),spelling_punctuation,procedural,0.0
Haiku,c2_trust,0,ref_clarity (EN→ES),terminology,judgment,0.0
Haiku,c2_trust,0,ref_clarity (EN→ES),untranslated,judgment,0.0
Haiku,c2_trust,0,untranslated (EN→ES),abstraction,judgment,0.0
Haiku,c2_trust,0,untranslated (EN→ES),addition,judgment,0.0
Haiku,c2_trust,0,untranslated (EN→ES),do_not_translate,procedural,0.0
Haiku,c2_trust,0,untranslated (EN→ES),fluency,judgment,0.30779350562554625
Haiku,c2_trust,0,untranslated (EN→ES),focus,judgment,0.0
Haiku,c2_trust,0,untranslated (EN→ES),function_words,judgment,0.0
Haiku,c2_trust,0,untranslated (EN→ES),grammar,procedural,0.0
Haiku,c2_trust,0,untranslated (EN→ES),locale_conventions,procedural,0.0
Haiku,c2_trust,0,untranslated (EN→ES),logical_operations,procedural,0.0
Haiku,c2_trust,0,untranslated (EN→ES),mistranslation,judgment,0.0
Haiku,c2_trust,0,untranslated (EN→ES),omission,judgment,0.0
Haiku,c2_trust,0,untranslated (EN→ES),redundancy,judgment,0.0
Haiku,c2_trust,0,untranslated (EN→ES),referential_clarity,judgment,0.0
Haiku,c2_trust,0,untranslated (EN→ES),spelling_punctuation,procedural,0.0
Haiku,c2_trust,0,untranslated (EN→ES),terminology,judgment,0.7539370349250519
Haiku,c2_trust,0,untranslated (EN→ES),untranslated,judgment,0.22360679774997896
Haiku,c2_trust,1,abstraction (EN→EL),abstraction,judgment,0.3663475485325232
Haiku,c2_trust,1,abstraction (EN→EL),addition,judgment,0.0
Haiku,c2_trust,1,abstraction (EN→EL),do_not_translate,procedural,0.0
Haiku,c2_trust,1,abstraction (EN→EL),fluency,judgment,0.0
Haiku,c2_trust,1,abstraction (EN→EL),focus,judgment,0.0
Haiku,c2_trust,1,abstraction (EN→EL),function_words,judgment,0.0
Haiku,c2_trust,1,abstraction (EN→EL),grammar,procedural,0.0
Haiku,c2_trust,1,abstraction (EN→EL),locale_conventions,procedural,0.0
Haiku,c2_trust,1,abstraction (EN→EL),logical_operations,procedural,0.0
Haiku,c2_trust,1,abstraction (EN→EL),mistranslation,judgment,0.0
Haiku,c2_trust,1,abstraction (EN→EL),omission,judgment,0.3940344628262062
Haiku,c2_trust,1,abstraction (EN→EL),redundancy,judgment,0.0
Haiku,c2_trust,1,abstraction (EN→EL),referential_clarity,judgment,0.0
Haiku,c2_trust,1,abstraction (EN→EL),spelling_punctuation,procedural,0.0
Haiku,c2_trust,1,abstraction (EN→EL),terminology,judgment,0.223606797749979
Haiku,c2_trust,1,abstraction (EN→EL),untranslated,judgment,0.0
Haiku,c2_trust,1,func_words (EN→ES),abstraction,judgment,0.0
Haiku,c2_trust,1,func_words (EN→ES),addition,judgment,0.0
Haiku,c2_trust,1,func_words (EN→ES),do_not_translate,procedural,0.0
Haiku,c2_trust,1,func_words (EN→ES),fluency,judgment,0.4893604849295929
Haiku,c2_trust,1,func_words (EN→ES),focus,judgment,0.0
Haiku,c2_trust,1,func_words (EN→ES),function_words,judgment,0.4442616583193192
Haiku,c2_trust,1,func_words (EN→ES),grammar,procedural,0.4893604849295928
Haiku,c2_trust,1,func_words (EN→ES),locale_conventions,procedural,0.0
Haiku,c2_trust,1,func_words (EN→ES),logical_operations,procedural,0.0
Haiku,c2_trust,1,func_words (EN→ES),mistranslation,judgment,0.0
Haiku,c2_trust,1,func_words (EN→ES),omission,judgment,0.0
Haiku,c2_trust,1,func_words (EN→ES),redundancy,judgment,0.0
Haiku,c2_trust,1,func_words (EN→ES),referential_clarity,judgment,0.0
Haiku,c2_trust,1,func_words (EN→ES),spelling_punctuation,procedural,0.0
Haiku,c2_trust,1,func_words (EN→ES),terminology,judgment,0.0
Haiku,c2_trust,1,func_words (EN→ES),untranslated,judgment,0.0
Haiku,c2_trust,1,grammar (EN→EL),abstraction,judgment,0.0
Haiku,c2_trust,1,grammar (EN→EL),addition,judgment,0.0
Haiku,c2_trust,1,grammar (EN→EL),do_not_translate,procedural,0.0
Haiku,c2_trust,1,grammar (EN→EL),fluency,judgment,0.7591546545162481
Haiku,c2_trust,1,grammar (EN→EL),focus,judgment,0.0
Haiku,c2_trust,1,grammar (EN→EL),function_words,judgment,0.0
Haiku,c2_trust,1,grammar (EN→EL),grammar,procedural,0.5104177855340405
Haiku,c2_trust,1,grammar (EN→EL),locale_conventions,procedural,0.0
Haiku,c2_trust,1,grammar (EN→EL),logical_operations,procedural,0.0
Haiku,c2_trust,1,grammar (EN→EL),mistranslation,judgment,1.2937094768634554
Haiku,c2_trust,1,grammar (EN→EL),omission,judgment,0.0
Haiku,c2_trust,1,grammar (EN→EL),redundancy,judgment,0.0
Haiku,c2_trust,1,grammar (EN→EL),referential_clarity,judgment,0.0
Haiku,c2_trust,1,grammar (EN→EL),spelling_punctuation,procedural,0.0
Haiku,c2_trust,1,grammar (EN→EL),terminology,judgment,0.0
Haiku,c2_trust,1,grammar (EN→EL),untranslated,judgment,0.0
Haiku,c2_trust,1,locale_conv (EN→EL),abstraction,judgment,0.0
Haiku,c2_trust,1,locale_conv (EN→EL),addition,judgment,0.0
Haiku,c2_trust,1,locale_conv (EN→EL),do_not_translate,procedural,0.0
Haiku,c2_trust,1,locale_conv (EN→EL),fluency,judgment,0.4701623459816272
Haiku,c2_trust,1,locale_conv (EN→EL),focus,judgment,0.0
Haiku,c2_trust,1,locale_conv (EN→EL),function_words,judgment,0.0
Haiku,c2_trust,1,locale_conv (EN→EL),grammar,procedural,0.0
Haiku,c2_trust,1,locale_conv (EN→EL),locale_conventions,procedural,0.44426165831931924
Haiku,c2_trust,1,locale_conv (EN→EL),logical_operations,procedural,0.0
Haiku,c2_trust,1,locale_conv (EN→EL),mistranslation,judgment,0.0
Haiku,c2_trust,1,locale_conv (EN→EL),omission,judgment,0.0
Haiku,c2_trust,1,locale_conv (EN→EL),redundancy,judgment,0.0
Haiku,c2_trust,1,locale_conv (EN→EL),referential_clarity,judgment,0.0
Haiku,c2_trust,1,locale_conv (EN→EL),spelling_punctuation,procedural,0.4103913408340617
Haiku,c2_trust,1,locale_conv (EN→EL),terminology,judgment,0.0
Haiku,c2_trust,1,locale_conv (EN→EL),untranslated,judgment,0.0
Haiku,c2_trust,1,mistranslation (EN→ES),abstraction,judgment,0.0
Haiku,c2_trust,1,mistranslation (EN→ES),addition,judgment,1.3337718577107003
Haiku,c2_trust,1,mistranslation (EN→ES),do_not_translate,procedural,0.0
Haiku,c2_trust,1,mistranslation (EN→ES),fluency,judgment,0.30779350562554625
Haiku,c2_trust,1,mistranslation (EN→ES),focus,judgment,0.0
Haiku,c2_trust,1,mistranslation (EN→ES),function_words,judgment,0.0
Haiku,c2_trust,1,mistranslation (EN→ES),grammar,procedural,0.0
Haiku,c2_trust,1,mistranslation (EN→ES),locale_conventions,procedural,0.0
Haiku,c2_trust,1,mistranslation (EN→ES),logical_operations,procedural,0.0
Haiku,c2_trust,1,mistranslation (EN→ES),mistranslation,judgment,1.3088765773505315
Haiku,c2_trust,1,mistranslation (EN→ES),omission,judgment,1.0990426455975695
Haiku,c2_trust,1,mistranslation (EN→ES),redundancy,judgment,0.0
Haiku,c2_trust,1,mistranslation (EN→ES),referential_clarity,judgment,0.0
Haiku,c2_trust,1,mistranslation (EN→ES),spelling_punctuation,procedural,0.0
Haiku,c2_trust,1,mistranslation (EN→ES),terminology,judgment,0.0
Haiku,c2_trust,1,mistranslation (EN→ES),untranslated,judgment,0.0
Haiku,c2_trust,1,omission (EN→EL),abstraction,judgment,0.0
Haiku,c2_trust,1,omission (EN→EL),addition,judgment,0.0
Haiku,c2_trust,1,omission (EN→EL),do_not_translate,procedural,0.0
Haiku,c2_trust,1,omission (EN→EL),fluency,judgment,0.8127277008872489
Haiku,c2_trust,1,omission (EN→EL),focus,judgment,0.0
Haiku,c2_trust,1,omission (EN→EL),function_words,judgment,0.22360679774997902
Haiku,c2_trust,1,omission (EN→EL),grammar,procedural,0.0
Haiku,c2_trust,1,omission (EN→EL),locale_conventions,procedural,0.0
Haiku,c2_trust,1,omission (EN→EL),logical_operations,procedural,0.0
Haiku,c2_trust,1,omission (EN→EL),mistranslation,judgment,0.0
Haiku,c2_trust,1,omission (EN→EL),omission,judgment,0.3077935056255462
Haiku,c2_trust,1,omission (EN→EL),redundancy,judgment,0.0
Haiku,c2_trust,1,omission (EN→EL),referential_clarity,judgment,0.0
Haiku,c2_trust,1,omission (EN→EL),spelling_punctuation,procedural,0.3077935056255463
Haiku,c2_trust,1,omission (EN→EL),terminology,judgment,0.0
Haiku,c2_trust,1,omission (EN→EL),untranslated,judgment,0.0
Haiku,c2_trust,1,omission (EN→ES),abstraction,judgment,0.0
Haiku,c2_trust,1,omission (EN→ES),addition,judgment,0.0
Haiku,c2_trust,1,omission (EN→ES),do_not_translate,procedural,0.0
Haiku,c2_trust,1,omission (EN→ES),fluency,judgment,0.0
Haiku,c2_trust,1,omission (EN→ES),focus,judgment,0.0
Haiku,c2_trust,1,omission (EN→ES),function_words,judgment,0.0
Haiku,c2_trust,1,omission (EN→ES),grammar,procedural,0.0
Haiku,c2_trust,1,omission (EN→ES),locale_conventions,procedural,0.0
Haiku,c2_trust,1,omission (EN→ES),logical_operations,procedural,0.0
Haiku,c2_trust,1,omission (EN→ES),mistranslation,judgment,0.0
Haiku,c2_trust,1,omission (EN→ES),omission,judgment,0.3077935056255462
Haiku,c2_trust,1,omission (EN→ES),redundancy,judgment,0.0
Haiku,c2_trust,1,omission (EN→ES),referential_clarity,judgment,0.0
Haiku,c2_trust,1,omission (EN→ES),spelling_punctuation,procedural,0.0
Haiku,c2_trust,1,omission (EN→ES),terminology,judgment,0.0
Haiku,c2_trust,1,omission (EN→ES),untranslated,judgment,0.0
Haiku,c2_trust,1,redundancy (EN→ES),abstraction,judgment,0.0
Haiku,c2_trust,1,redundancy (EN→ES),addition,judgment,1.105012502906165
Haiku,c2_trust,1,redundancy (EN→ES),do_not_translate,procedural,0.0
Haiku,c2_trust,1,redundancy (EN→ES),fluency,judgment,0.5026246899500346
Haiku,c2_trust,1,redundancy (EN→ES),focus,judgment,0.0
Haiku,c2_trust,1,redundancy (EN→ES),function_words,judgment,0.0
Haiku,c2_trust,1,redundancy (EN→ES),grammar,procedural,0.0
Haiku,c2_trust,1,redundancy (EN→ES),locale_conventions,procedural,0.0
Haiku,c2_trust,1,redundancy (EN→ES),logical_operations,procedural,0.0
Haiku,c2_trust,1,redundancy (EN→ES),mistranslation,judgment,0.0
Haiku,c2_trust,1,redundancy (EN→ES),omission,judgment,0.0
Haiku,c2_trust,1,redundancy (EN→ES),redundancy,judgment,0.3244428422615251
Haiku,c2_trust,1,redundancy (EN→ES),referential_clarity,judgment,0.0
Haiku,c2_trust,1,redundancy (EN→ES),spelling_punctuation,procedural,0.0
Haiku,c2_trust,1,redundancy (EN→ES),terminology,judgment,0.0
Haiku,c2_trust,1,redundancy (EN→ES),untranslated,judgment,0.0
Haiku,c2_trust,1,ref_clarity (EN→EL),abstraction,judgment,0.0
Haiku,c2_trust,1,ref_clarity (EN→EL),addition,judgment,0.0
Haiku,c2_trust,1,ref_clarity (EN→EL),do_not_translate,procedural,0.0
Haiku,c2_trust,1,ref_clarity (EN→EL),fluency,judgment,0.41039134083406165
Haiku,c2_trust,1,ref_clarity (EN→EL),focus,judgment,0.0
Haiku,c2_trust,1,ref_clarity (EN→EL),function_words,judgment,0.0
Haiku,c2_trust,1,ref_clarity (EN→EL),grammar,procedural,0.0
Haiku,c2_trust,1,ref_clarity (EN→EL),locale_conventions,procedural,0.0
Haiku,c2_trust,1,ref_clarity (EN→EL),logical_operations,procedural,0.0
Haiku,c2_trust,1,ref_clarity (EN→EL),mistranslation,judgment,0.44426165831931913
Haiku,c2_trust,1,ref_clarity (EN→EL),omission,judgment,0.0
Haiku,c2_trust,1,ref_clarity (EN→EL),redundancy,judgment,0.0
Haiku,c2_trust,1,ref_clarity (EN→EL),referential_clarity,judgment,1.0310954828418373
Haiku,c2_trust,1,ref_clarity (EN→EL),spelling_punctuation,procedural,0.0
Haiku,c2_trust,1,ref_clarity (EN→EL),terminology,judgment,0.0
Haiku,c2_trust,1,ref_clarity (EN→EL),untranslated,judgment,0.0
Haiku,c2_trust,1,ref_clarity (EN→ES),abstraction,judgment,0.0
Haiku,c2_trust,1,ref_clarity (EN→ES),addition,judgment,0.0
Haiku,c2_trust,1,ref_clarity (EN→ES),do_not_translate,procedural,0.0
Haiku,c2_trust,1,ref_clarity (EN→ES),fluency,judgment,0.0
Haiku,c2_trust,1,ref_clarity (EN→ES),focus,judgment,0.0
Haiku,c2_trust,1,ref_clarity (EN→ES),function_words,judgment,0.0
Haiku,c2_trust,1,ref_clarity (EN→ES),grammar,procedural,0.0
Haiku,c2_trust,1,ref_clarity (EN→ES),locale_conventions,procedural,0.0
Haiku,c2_trust,1,ref_clarity (EN→ES),logical_operations,procedural,0.0
Haiku,c2_trust,1,ref_clarity (EN→ES),mistranslation,judgment,0.48936048492959267
Haiku,c2_trust,1,ref_clarity (EN→ES),omission,judgment,0.0
Haiku,c2_trust,1,ref_clarity (EN→ES),redundancy,judgment,0.0
Haiku,c2_trust,1,ref_clarity (EN→ES),referential_clarity,judgment,0.4893604849295929
Haiku,c2_trust,1,ref_clarity (EN→ES),spelling_punctuation,procedural,0.0
Haiku,c2_trust,1,ref_clarity (EN→ES),terminology,judgment,0.0
Haiku,c2_trust,1,ref_clarity (EN→ES),untranslated,judgment,0.0
Haiku,c2_trust,1,untranslated (EN→ES),abstraction,judgment,0.0
Haiku,c2_trust,1,untranslated (EN→ES),addition,judgment,0.0
Haiku,c2_trust,1,untranslated (EN→ES),do_not_translate,procedural,0.0
Haiku,c2_trust,1,untranslated (EN→ES),fluency,judgment,0.41039134083406176
Haiku,c2_trust,1,untranslated (EN→ES),focus,judgment,0.0
Haiku,c2_trust,1,untranslated (EN→ES),function_words,judgment,0.0
Haiku,c2_trust,1,untranslated (EN→ES),grammar,procedural,0.0
Haiku,c2_trust,1,untranslated (EN→ES),locale_conventions,procedural,0.0
Haiku,c2_trust,1,untranslated (EN→ES),logical_operations,procedural,0.0
Haiku,c2_trust,1,untranslated (EN→ES),mistranslation,judgment,0.0
Haiku,c2_trust,1,untranslated (EN→ES),omission,judgment,0.0
Haiku,c2_trust,1,untranslated (EN→ES),redundancy,judgment,0.0
Haiku,c2_trust,1,untranslated (EN→ES),referential_clarity,judgment,0.0
Haiku,c2_trust,1,untranslated (EN→ES),spelling_punctuation,procedural,0.0
Haiku,c2_trust,1,untranslated (EN→ES),terminology,judgment,1.2311740225021848
Haiku,c2_trust,1,untranslated (EN→ES),untranslated,judgment,0.3077935056255463
Haiku,c3_authorship,0,abstraction (EN→EL),abstraction,judgment,0.22360679774997894
Haiku,c3_authorship,0,abstraction (EN→EL),addition,judgment,0.0
Haiku,c3_authorship,0,abstraction (EN→EL),do_not_translate,procedural,0.0
Haiku,c3_authorship,0,abstraction (EN→EL),fluency,judgment,0.0
Haiku,c3_authorship,0,abstraction (EN→EL),focus,judgment,0.0
Haiku,c3_authorship,0,abstraction (EN→EL),function_words,judgment,0.0
Haiku,c3_authorship,0,abstraction (EN→EL),grammar,procedural,0.0
Haiku,c3_authorship,0,abstraction (EN→EL),locale_conventions,procedural,0.0
Haiku,c3_authorship,0,abstraction (EN→EL),logical_operations,procedural,0.0
Haiku,c3_authorship,0,abstraction (EN→EL),mistranslation,judgment,0.0
Haiku,c3_authorship,0,abstraction (EN→EL),omission,judgment,0.5104177855340404
Haiku,c3_authorship,0,abstraction (EN→EL),redundancy,judgment,0.0
Haiku,c3_authorship,0,abstraction (EN→EL),referential_clarity,judgment,0.0
Haiku,c3_authorship,0,abstraction (EN→EL),spelling_punctuation,procedural,0.0
Haiku,c3_authorship,0,abstraction (EN→EL),terminology,judgment,0.0
Haiku,c3_authorship,0,abstraction (EN→EL),untranslated,judgment,0.0
Haiku,c3_authorship,0,func_words (EN→ES),abstraction,judgment,0.0
Haiku,c3_authorship,0,func_words (EN→ES),addition,judgment,0.0
Haiku,c3_authorship,0,func_words (EN→ES),do_not_translate,procedural,0.0
Haiku,c3_authorship,0,func_words (EN→ES),fluency,judgment,0.512989176042577
Haiku,c3_authorship,0,func_words (EN→ES),focus,judgment,0.0
Haiku,c3_authorship,0,func_words (EN→ES),function_words,judgment,0.3077935056255462
Haiku,c3_authorship,0,func_words (EN→ES),grammar,procedural,0.5712405705774795
Haiku,c3_authorship,0,func_words (EN→ES),locale_conventions,procedural,0.0
Haiku,c3_authorship,0,func_words (EN→ES),logical_operations,procedural,0.0
Haiku,c3_authorship,0,func_words (EN→ES),mistranslation,judgment,0.0
Haiku,c3_authorship,0,func_words (EN→ES),omission,judgment,0.0
Haiku,c3_authorship,0,func_words (EN→ES),redundancy,judgment,0.0
Haiku,c3_authorship,0,func_words (EN→ES),referential_clarity,judgment,0.0
Haiku,c3_authorship,0,func_words (EN→ES),spelling_punctuation,procedural,0.0
Haiku,c3_authorship,0,func_words (EN→ES),terminology,judgment,0.0
Haiku,c3_authorship,0,func_words (EN→ES),untranslated,judgment,0.0
Haiku,c3_authorship,0,grammar (EN→EL),abstraction,judgment,0.0
Haiku,c3_authorship,0,grammar (EN→EL),addition,judgment,0.0
Haiku,c3_authorship,0,grammar (EN→EL),do_not_translate,procedural,0.0
Haiku,c3_authorship,0,grammar (EN→EL),fluency,judgment,0.0
Haiku,c3_authorship,0,grammar (EN→EL),focus,judgment,0.0
Haiku,c3_authorship,0,grammar (EN→EL),function_words,judgment,0.0
Haiku,c3_authorship,0,grammar (EN→EL),grammar,procedural,0.887041208323017
Haiku,c3_authorship,0,grammar (EN→EL),locale_conventions,procedural,0.0
Haiku,c3_authorship,0,grammar (EN→EL),logical_operations,procedural,0.3077935056255463
Haiku,c3_authorship,0,grammar (EN→EL),mistranslation,judgment,1.1002392084403616
Haiku,c3_authorship,0,grammar (EN→EL),omission,judgment,0.0
Haiku,c3_authorship,0,grammar (EN→EL),redundancy,judgment,0.0
Haiku,c3_authorship,0,grammar (EN→EL),referential_clarity,judgment,0.0
Haiku,c3_authorship,0,grammar (EN→EL),spelling_punctuation,procedural,0.0
Haiku,c3_authorship,0,grammar (EN→EL),terminology,judgment,0.0
Haiku,c3_authorship,0,grammar (EN→EL),untranslated,judgment,0.0
Haiku,c3_authorship,0,locale_conv (EN→EL),abstraction,judgment,0.0
Haiku,c3_authorship,0,locale_conv (EN→EL),addition,judgment,0.0
Haiku,c3_authorship,0,locale_conv (EN→EL),do_not_translate,procedural,0.0
Haiku,c3_authorship,0,locale_conv (EN→EL),fluency,judgment,0.41039134083406176
Haiku,c3_authorship,0,locale_conv (EN→EL),focus,judgment,0.0
Haiku,c3_authorship,0,locale_conv (EN→EL),function_words,judgment,0.0
Haiku,c3_authorship,0,locale_conv (EN→EL),grammar,procedural,0.0
Haiku,c3_authorship,0,locale_conv (EN→EL),locale_conventions,procedural,0.3077935056255462
Haiku,c3_authorship,0,locale_conv (EN→EL),logical_operations,procedural,0.0
Haiku,c3_authorship,0,locale_conv (EN→EL),mistranslation,judgment,0.0
Haiku,c3_authorship,0,locale_conv (EN→EL),omission,judgment,0.0
Haiku,c3_authorship,0,locale_conv (EN→EL),redundancy,judgment,0.0
Haiku,c3_authorship,0,locale_conv (EN→EL),referential_clarity,judgment,0.0
Haiku,c3_authorship,0,locale_conv (EN→EL),spelling_punctuation,procedural,0.3663475485325233
Haiku,c3_authorship,0,locale_conv (EN→EL),terminology,judgment,0.0
Haiku,c3_authorship,0,locale_conv (EN→EL),untranslated,judgment,0.0
Haiku,c3_authorship,0,mistranslation (EN→ES),abstraction,judgment,0.0
Haiku,c3_authorship,0,mistranslation (EN→ES),addition,judgment,1.3088765773505315
Haiku,c3_authorship,0,mistranslation (EN→ES),do_not_translate,procedural,0.0
Haiku,c3_authorship,0,mistranslation (EN→ES),fluency,judgment,0.0
Haiku,c3_authorship,0,mistranslation (EN→ES),focus,judgment,0.0
Haiku,c3_authorship,0,mistranslation (EN→ES),function_words,judgment,0.0
Haiku,c3_authorship,0,mistranslation (EN→ES),grammar,procedural,0.0
Haiku,c3_authorship,0,mistranslation (EN→ES),locale_conventions,procedural,0.0
Haiku,c3_authorship,0,mistranslation (EN→ES),logical_operations,procedural,0.3077935056255463
Haiku,c3_authorship,0,mistranslation (EN→ES),mistranslation,judgment,1.0399898784932577
Haiku,c3_authorship,0,mistranslation (EN→ES),omission,judgment,1.356271980175999
Haiku,c3_authorship,0,mistranslation (EN→ES),redundancy,judgment,0.0
Haiku,c3_authorship,0,mistranslation (EN→ES),referential_clarity,judgment,0.0
Haiku,c3_authorship,0,mistranslation (EN→ES),spelling_punctuation,procedural,0.0
Haiku,c3_authorship,0,mistranslation (EN→ES),terminology,judgment,0.0
Haiku,c3_authorship,0,mistranslation (EN→ES),untranslated,judgment,0.0
Haiku,c3_authorship,0,omission (EN→EL),abstraction,judgment,0.0
Haiku,c3_authorship,0,omission (EN→EL),addition,judgment,0.0
Haiku,c3_authorship,0,omission (EN→EL),do_not_translate,procedural,0.0
Haiku,c3_authorship,0,omission (EN→EL),fluency,judgment,0.223606797749979
Haiku,c3_authorship,0,omission (EN→EL),focus,judgment,0.0
Haiku,c3_authorship,0,omission (EN→EL),function_words,judgment,0.0
Haiku,c3_authorship,0,omission (EN→EL),grammar,procedural,0.0
Haiku,c3_authorship,0,omission (EN→EL),locale_conventions,procedural,0.0
Haiku,c3_authorship,0,omission (EN→EL),logical_operations,procedural,0.0
Haiku,c3_authorship,0,omission (EN→EL),mistranslation,judgment,0.0
Haiku,c3_authorship,0,omission (EN→EL),omission,judgment,0.36634754853252327
Haiku,c3_authorship,0,omission (EN→EL),redundancy,judgment,0.0
Haiku,c3_authorship,0,omission (EN→EL),referential_clarity,judgment,0.0
Haiku,c3_authorship,0,omission (EN→EL),spelling_punctuation,procedural,0.0
Haiku,c3_authorship,0,omission (EN→EL),terminology,judgment,0.0
Haiku,c3_authorship,0,omission (EN→EL),untranslated,judgment,0.0
Haiku,c3_authorship,0,omission (EN→ES),abstraction,judgment,0.0
Haiku,c3_authorship,0,omission (EN→ES),addition,judgment,0.0
Haiku,c3_authorship,0,omission (EN→ES),do_not_translate,procedural,0.0
Haiku,c3_authorship,0,omission (EN→ES),fluency,judgment,0.0
Haiku,c3_authorship,0,omission (EN→ES),focus,judgment,0.0
Haiku,c3_authorship,0,omission (EN→ES),function_words,judgment,0.0
Haiku,c3_authorship,0,omission (EN→ES),grammar,procedural,0.0
Haiku,c3_authorship,0,omission (EN→ES),locale_conventions,procedural,0.0
Haiku,c3_authorship,0,omission (EN→ES),logical_operations,procedural,0.0
Haiku,c3_authorship,0,omission (EN→ES),mistranslation,judgment,0.0
Haiku,c3_authorship,0,omission (EN→ES),omission,judgment,0.36634754853252327
Haiku,c3_authorship,0,omission (EN→ES),redundancy,judgment,0.0
Haiku,c3_authorship,0,omission (EN→ES),referential_clarity,judgment,0.0
Haiku,c3_authorship,0,omission (EN→ES),spelling_punctuation,procedural,0.0
Haiku,c3_authorship,0,omission (EN→ES),terminology,judgment,0.0
Haiku,c3_authorship,0,omission (EN→ES),untranslated,judgment,0.0
Haiku,c3_authorship,0,redundancy (EN→ES),abstraction,judgment,0.0
Haiku,c3_authorship,0,redundancy (EN→ES),addition,judgment,0.638666373658505
Haiku,c3_authorship,0,redundancy (EN→ES),do_not_translate,procedural,0.0
Haiku,c3_authorship,0,redundancy (EN→ES),fluency,judgment,0.6863327411532597
Haiku,c3_authorship,0,redundancy (EN→ES),focus,judgment,0.0
Haiku,c3_authorship,0,redundancy (EN→ES),function_words,judgment,0.0
Haiku,c3_authorship,0,redundancy (EN→ES),grammar,procedural,0.0
Haiku,c3_authorship,0,redundancy (EN→ES),locale_conventions,procedural,0.0
Haiku,c3_authorship,0,redundancy (EN→ES),logical_operations,procedural,0.0
Haiku,c3_authorship,0,redundancy (EN→ES),mistranslation,judgment,0.0
Haiku,c3_authorship,0,redundancy (EN→ES),omission,judgment,0.0
Haiku,c3_authorship,0,redundancy (EN→ES),redundancy,judgment,0.5026246899500346
Haiku,c3_authorship,0,redundancy (EN→ES),referential_clarity,judgment,0.0
Haiku,c3_authorship,0,redundancy (EN→ES),spelling_punctuation,procedural,0.0
Haiku,c3_authorship,0,redundancy (EN→ES),terminology,judgment,0.0
Haiku,c3_authorship,0,redundancy (EN→ES),untranslated,judgment,0.0
Haiku,c3_authorship,0,ref_clarity (EN→EL),abstraction,judgment,0.0
Haiku,c3_authorship,0,ref_clarity (EN→EL),addition,judgment,0.0
Haiku,c3_authorship,0,ref_clarity (EN→EL),do_not_translate,procedural,0.0
Haiku,c3_authorship,0,ref_clarity (EN→EL),fluency,judgment,0.0
Haiku,c3_authorship,0,ref_clarity (EN→EL),focus,judgment,0.0
Haiku,c3_authorship,0,ref_clarity (EN→EL),function_words,judgment,0.0
Haiku,c3_authorship,0,ref_clarity (EN→EL),grammar,procedural,0.0
Haiku,c3_authorship,0,ref_clarity (EN→EL),locale_conventions,procedural,0.0
Haiku,c3_authorship,0,ref_clarity (EN→EL),logical_operations,procedural,0.0
Haiku,c3_authorship,0,ref_clarity (EN→EL),mistranslation,judgment,0.4893604849295928
Haiku,c3_authorship,0,ref_clarity (EN→EL),omission,judgment,0.0
Haiku,c3_authorship,0,ref_clarity (EN→EL),redundancy,judgment,0.0
Haiku,c3_authorship,0,ref_clarity (EN→EL),referential_clarity,judgment,0.9733285267845752
Haiku,c3_authorship,0,ref_clarity (EN→EL),spelling_punctuation,procedural,0.0
Haiku,c3_authorship,0,ref_clarity (EN→EL),terminology,judgment,0.0
Haiku,c3_authorship,0,ref_clarity (EN→EL),untranslated,judgment,0.0
Haiku,c3_authorship,0,ref_clarity (EN→ES),abstraction,judgment,0.0
Haiku,c3_authorship,0,ref_clarity (EN→ES),addition,judgment,0.0
Haiku,c3_authorship,0,ref_clarity (EN→ES),do_not_translate,procedural,0.0
Haiku,c3_authorship,0,ref_clarity (EN→ES),fluency,judgment,0.0
Haiku,c3_authorship,0,ref_clarity (EN→ES),focus,judgment,0.0
Haiku,c3_authorship,0,ref_clarity (EN→ES),function_words,judgment,0.0
Haiku,c3_authorship,0,ref_clarity (EN→ES),grammar,procedural,0.0
Haiku,c3_authorship,0,ref_clarity (EN→ES),locale_conventions,procedural,0.0
Haiku,c3_authorship,0,ref_clarity (EN→ES),logical_operations,procedural,0.0
Haiku,c3_authorship,0,ref_clarity (EN→ES),mistranslation,judgment,0.5982430416161189
Haiku,c3_authorship,0,ref_clarity (EN→ES),omission,judgment,0.0
Haiku,c3_authorship,0,ref_clarity (EN→ES),redundancy,judgment,0.0
Haiku,c3_authorship,0,ref_clarity (EN→ES),referential_clarity,judgment,0.5104177855340402
Haiku,c3_authorship,0,ref_clarity (EN→ES),spelling_punctuation,procedural,0.0
Haiku,c3_authorship,0,ref_clarity (EN→ES),terminology,judgment,0.0
Haiku,c3_authorship,0,ref_clarity (EN→ES),untranslated,judgment,0.0
Haiku,c3_authorship,0,untranslated (EN→ES),abstraction,judgment,0.0
Haiku,c3_authorship,0,untranslated (EN→ES),addition,judgment,0.0
Haiku,c3_authorship,0,untranslated (EN→ES),do_not_translate,procedural,0.0
Haiku,c3_authorship,0,untranslated (EN→ES),fluency,judgment,0.5712405705774793
Haiku,c3_authorship,0,untranslated (EN→ES),focus,judgment,0.0
Haiku,c3_authorship,0,untranslated (EN→ES),function_words,judgment,0.0
Haiku,c3_authorship,0,untranslated (EN→ES),grammar,procedural,0.0
Haiku,c3_authorship,0,untranslated (EN→ES),locale_conventions,procedural,0.0
Haiku,c3_authorship,0,untranslated (EN→ES),logical_operations,procedural,0.0
Haiku,c3_authorship,0,untranslated (EN→ES),mistranslation,judgment,0.0
Haiku,c3_authorship,0,untranslated (EN→ES),omission,judgment,0.0
Haiku,c3_authorship,0,untranslated (EN→ES),redundancy,judgment,0.0
Haiku,c3_authorship,0,untranslated (EN→ES),referential_clarity,judgment,0.0
Haiku,c3_authorship,0,untranslated (EN→ES),spelling_punctuation,procedural,0.223606797749979
Haiku,c3_authorship,0,untranslated (EN→ES),terminology,judgment,0.7326950970650465
Haiku,c3_authorship,0,untranslated (EN→ES),untranslated,judgment,0.0
Haiku,c3_authorship,1,abstraction (EN→EL),abstraction,judgment,0.5104177855340405
Haiku,c3_authorship,1,abstraction (EN→EL),addition,judgment,0.0
Haiku,c3_authorship,1,abstraction (EN→EL),do_not_translate,procedural,0.0
Haiku,c3_authorship,1,abstraction (EN→EL),fluency,judgment,0.0
Haiku,c3_authorship,1,abstraction (EN→EL),focus,judgment,0.0
Haiku,c3_authorship,1,abstraction (EN→EL),function_words,judgment,0.0
Haiku,c3_authorship,1,abstraction (EN→EL),grammar,procedural,0.0
Haiku,c3_authorship,1,abstraction (EN→EL),locale_conventions,procedural,0.0
Haiku,c3_authorship,1,abstraction (EN→EL),logical_operations,procedural,0.0
Haiku,c3_authorship,1,abstraction (EN→EL),mistranslation,judgment,0.0
Haiku,c3_authorship,1,abstraction (EN→EL),omission,judgment,0.6708203932499369
Haiku,c3_authorship,1,abstraction (EN→EL),redundancy,judgment,0.0
Haiku,c3_authorship,1,abstraction (EN→EL),referential_clarity,judgment,0.0
Haiku,c3_authorship,1,abstraction (EN→EL),spelling_punctuation,procedural,0.0
Haiku,c3_authorship,1,abstraction (EN→EL),terminology,judgment,0.0
Haiku,c3_authorship,1,abstraction (EN→EL),untranslated,judgment,0.0
Haiku,c3_authorship,1,func_words (EN→ES),abstraction,judgment,0.0
Haiku,c3_authorship,1,func_words (EN→ES),addition,judgment,0.0
Haiku,c3_authorship,1,func_words (EN→ES),do_not_translate,procedural,0.0
Haiku,c3_authorship,1,func_words (EN→ES),fluency,judgment,0.5026246899500346
Haiku,c3_authorship,1,func_words (EN→ES),focus,judgment,0.0
Haiku,c3_authorship,1,func_words (EN→ES),function_words,judgment,0.4472135954999581
Haiku,c3_authorship,1,func_words (EN→ES),grammar,procedural,0.48936048492959283
Haiku,c3_authorship,1,func_words (EN→ES),locale_conventions,procedural,0.0
Haiku,c3_authorship,1,func_words (EN→ES),logical_operations,procedural,0.0
Haiku,c3_authorship,1,func_words (EN→ES),mistranslation,judgment,0.0
Haiku,c3_authorship,1,func_words (EN→ES),omission,judgment,0.0
Haiku,c3_authorship,1,func_words (EN→ES),redundancy,judgment,0.0
Haiku,c3_authorship,1,func_words (EN→ES),referential_clarity,judgment,0.0
Haiku,c3_authorship,1,func_words (EN→ES),spelling_punctuation,procedural,0.0
Haiku,c3_authorship,1,func_words (EN→ES),terminology,judgment,0.0
Haiku,c3_authorship,1,func_words (EN→ES),untranslated,judgment,0.0
Haiku,c3_authorship,1,grammar (EN→EL),abstraction,judgment,0.0
Haiku,c3_authorship,1,grammar (EN→EL),addition,judgment,0.0
Haiku,c3_authorship,1,grammar (EN→EL),do_not_translate,procedural,0.0
Haiku,c3_authorship,1,grammar (EN→EL),fluency,judgment,0.5501196042201808
Haiku,c3_authorship,1,grammar (EN→EL),focus,judgment,0.0
Haiku,c3_authorship,1,grammar (EN→EL),function_words,judgment,0.0
Haiku,c3_authorship,1,grammar (EN→EL),grammar,procedural,0.9119095061289915
Haiku,c3_authorship,1,grammar (EN→EL),locale_conventions,procedural,0.0
Haiku,c3_authorship,1,grammar (EN→EL),logical_operations,procedural,0.6708203932499369
Haiku,c3_authorship,1,grammar (EN→EL),mistranslation,judgment,1.4509525002200232
Haiku,c3_authorship,1,grammar (EN→EL),omission,judgment,0.0
Haiku,c3_authorship,1,grammar (EN→EL),redundancy,judgment,0.0
Haiku,c3_authorship,1,grammar (EN→EL),referential_clarity,judgment,0.0
Haiku,c3_authorship,1,grammar (EN→EL),spelling_punctuation,procedural,0.0
Haiku,c3_authorship,1,grammar (EN→EL),terminology,judgment,0.0
Haiku,c3_authorship,1,grammar (EN→EL),untranslated,judgment,0.0
Haiku,c3_authorship,1,locale_conv (EN→EL),abstraction,judgment,0.0
Haiku,c3_authorship,1,locale_conv (EN→EL),addition,judgment,0.0
Haiku,c3_authorship,1,locale_conv (EN→EL),do_not_translate,procedural,0.0
Haiku,c3_authorship,1,locale_conv (EN→EL),fluency,judgment,0.4103913408340616
Haiku,c3_authorship,1,locale_conv (EN→EL),focus,judgment,0.0
Haiku,c3_authorship,1,locale_conv (EN→EL),function_words,judgment,0.0
Haiku,c3_authorship,1,locale_conv (EN→EL),grammar,procedural,0.0
Haiku,c3_authorship,1,locale_conv (EN→EL),locale_conventions,procedural,0.3663475485325232
Haiku,c3_authorship,1,locale_conv (EN→EL),logical_operations,procedural,0.0
Haiku,c3_authorship,1,locale_conv (EN→EL),mistranslation,judgment,0.0
Haiku,c3_authorship,1,locale_conv (EN→EL),omission,judgment,0.0
Haiku,c3_authorship,1,locale_conv (EN→EL),redundancy,judgment,0.0
Haiku,c3_authorship,1,locale_conv (EN→EL),referential_clarity,judgment,0.0
Haiku,c3_authorship,1,locale_conv (EN→EL),spelling_punctuation,procedural,0.0
Haiku,c3_authorship,1,locale_conv (EN→EL),terminology,judgment,0.0
Haiku,c3_authorship,1,locale_conv (EN→EL),untranslated,judgment,0.0
Haiku,c3_authorship,1,mistranslation (EN→ES),abstraction,judgment,0.0
Haiku,c3_authorship,1,mistranslation (EN→ES),addition,judgment,1.0990426455975697
Haiku,c3_authorship,1,mistranslation (EN→ES),do_not_translate,procedural,0.0
Haiku,c3_authorship,1,mistranslation (EN→ES),fluency,judgment,0.0
Haiku,c3_authorship,1,mistranslation (EN→ES),focus,judgment,0.0
Haiku,c3_authorship,1,mistranslation (EN→ES),function_words,judgment,0.0
Haiku,c3_authorship,1,mistranslation (EN→ES),grammar,procedural,0.0
Haiku,c3_authorship,1,mistranslation (EN→ES),locale_conventions,procedural,0.0
Haiku,c3_authorship,1,mistranslation (EN→ES),logical_operations,procedural,0.0
Haiku,c3_authorship,1,mistranslation (EN→ES),mistranslation,judgment,1.3562719801759993
Haiku,c3_authorship,1,mistranslation (EN→ES),omission,judgment,0.812727700887249
Haiku,c3_authorship,1,mistranslation (EN→ES),redundancy,judgment,0.0
Haiku,c3_authorship,1,mistranslation (EN→ES),referential_clarity,judgment,0.0
Haiku,c3_authorship,1,mistranslation (EN→ES),spelling_punctuation,procedural,0.0
Haiku,c3_authorship,1,mistranslation (EN→ES),terminology,judgment,0.0
Haiku,c3_authorship,1,mistranslation (EN→ES),untranslated,judgment,0.0
Haiku,c3_authorship,1,omission (EN→EL),abstraction,judgment,0.0
Haiku,c3_authorship,1,omission (EN→EL),addition,judgment,0.0
Haiku,c3_authorship,1,omission (EN→EL),do_not_translate,procedural,0.0
Haiku,c3_authorship,1,omission (EN→EL),fluency,judgment,0.47016234598162715
Haiku,c3_authorship,1,omission (EN→EL),focus,judgment,0.0
Haiku,c3_authorship,1,omission (EN→EL),function_words,judgment,0.0
Haiku,c3_authorship,1,omission (EN→EL),grammar,procedural,0.0
Haiku,c3_authorship,1,omission (EN→EL),locale_conventions,procedural,0.0
Haiku,c3_authorship,1,omission (EN→EL),logical_operations,procedural,0.0
Haiku,c3_authorship,1,omission (EN→EL),mistranslation,judgment,0.0
Haiku,c3_authorship,1,omission (EN→EL),omission,judgment,0.4893604849295929
Haiku,c3_authorship,1,omission (EN→EL),redundancy,judgment,0.0
Haiku,c3_authorship,1,omission (EN→EL),referential_clarity,judgment,0.0
Haiku,c3_authorship,1,omission (EN→EL),spelling_punctuation,procedural,0.4442616583193192
Haiku,c3_authorship,1,omission (EN→EL),terminology,judgment,0.0
Haiku,c3_authorship,1,omission (EN→EL),untranslated,judgment,0.0
Haiku,c3_authorship,1,omission (EN→ES),abstraction,judgment,0.0
Haiku,c3_authorship,1,omission (EN→ES),addition,judgment,0.0
Haiku,c3_authorship,1,omission (EN→ES),do_not_translate,procedural,0.0
Haiku,c3_authorship,1,omission (EN→ES),fluency,judgment,0.0
Haiku,c3_authorship,1,omission (EN→ES),focus,judgment,0.0
Haiku,c3_authorship,1,omission (EN→ES),function_words,judgment,0.0
Haiku,c3_authorship,1,omission (EN→ES),grammar,procedural,0.0
Haiku,c3_authorship,1,omission (EN→ES),locale_conventions,procedural,0.0
Haiku,c3_authorship,1,omission (EN→ES),logical_operations,procedural,0.0
Haiku,c3_authorship,1,omission (EN→ES),mistranslation,judgment,0.0
Haiku,c3_authorship,1,omission (EN→ES),omission,judgment,0.4893604849295929
Haiku,c3_authorship,1,omission (EN→ES),redundancy,judgment,0.0
Haiku,c3_authorship,1,omission (EN→ES),referential_clarity,judgment,0.0
Haiku,c3_authorship,1,omission (EN→ES),spelling_punctuation,procedural,0.0
Haiku,c3_authorship,1,omission (EN→ES),terminology,judgment,0.0
Haiku,c3_authorship,1,omission (EN→ES),untranslated,judgment,0.0
Haiku,c3_authorship,1,redundancy (EN→ES),abstraction,judgment,0.0
Haiku,c3_authorship,1,redundancy (EN→ES),addition,judgment,0.9233805168766387
Haiku,c3_authorship,1,redundancy (EN→ES),do_not_translate,procedural,0.0
Haiku,c3_authorship,1,redundancy (EN→ES),fluency,judgment,0.5231483637805969
Haiku,c3_authorship,1,redundancy (EN→ES),focus,judgment,0.0
Haiku,c3_authorship,1,redundancy (EN→ES),function_words,judgment,0.0
Haiku,c3_authorship,1,redundancy (EN→ES),grammar,procedural,0.0
Haiku,c3_authorship,1,redundancy (EN→ES),locale_conventions,procedural,0.0
Haiku,c3_authorship,1,redundancy (EN→ES),logical_operations,procedural,0.0
Haiku,c3_authorship,1,redundancy (EN→ES),mistranslation,judgment,0.0
Haiku,c3_authorship,1,redundancy (EN→ES),omission,judgment,0.0
Haiku,c3_authorship,1,redundancy (EN→ES),redundancy,judgment,0.5231483637805969
Haiku,c3_authorship,1,redundancy (EN→ES),referential_clarity,judgment,0.0
Haiku,c3_authorship,1,redundancy (EN→ES),spelling_punctuation,procedural,0.0
Haiku,c3_authorship,1,redundancy (EN→ES),terminology,judgment,0.0
Haiku,c3_authorship,1,redundancy (EN→ES),untranslated,judgment,0.0
Haiku,c3_authorship,1,ref_clarity (EN→EL),abstraction,judgment,0.0
Haiku,c3_authorship,1,ref_clarity (EN→EL),addition,judgment,0.0
Haiku,c3_authorship,1,ref_clarity (EN→EL),do_not_translate,procedural,0.0
Haiku,c3_authorship,1,ref_clarity (EN→EL),fluency,judgment,0.223606797749979
Haiku,c3_authorship,1,ref_clarity (EN→EL),focus,judgment,0.0
Haiku,c3_authorship,1,ref_clarity (EN→EL),function_words,judgment,0.0
Haiku,c3_authorship,1,ref_clarity (EN→EL),grammar,procedural,0.0
Haiku,c3_authorship,1,ref_clarity (EN→EL),locale_conventions,procedural,0.0
Haiku,c3_authorship,1,ref_clarity (EN→EL),logical_operations,procedural,0.0
Haiku,c3_authorship,1,ref_clarity (EN→EL),mistranslation,judgment,0.5026246899500345
Haiku,c3_authorship,1,ref_clarity (EN→EL),omission,judgment,0.0
Haiku,c3_authorship,1,ref_clarity (EN→EL),redundancy,judgment,0.0
Haiku,c3_authorship,1,ref_clarity (EN→EL),referential_clarity,judgment,1.105012502906165
Haiku,c3_authorship,1,ref_clarity (EN→EL),spelling_punctuation,procedural,0.0
Haiku,c3_authorship,1,ref_clarity (EN→EL),terminology,judgment,0.0
Haiku,c3_authorship,1,ref_clarity (EN→EL),untranslated,judgment,0.0
Haiku,c3_authorship,1,ref_clarity (EN→ES),abstraction,judgment,0.0
Haiku,c3_authorship,1,ref_clarity (EN→ES),addition,judgment,0.0
Haiku,c3_authorship,1,ref_clarity (EN→ES),do_not_translate,procedural,0.0
Haiku,c3_authorship,1,ref_clarity (EN→ES),fluency,judgment,0.0
Haiku,c3_authorship,1,ref_clarity (EN→ES),focus,judgment,0.0
Haiku,c3_authorship,1,ref_clarity (EN→ES),function_words,judgment,0.0
Haiku,c3_authorship,1,ref_clarity (EN→ES),grammar,procedural,0.0
Haiku,c3_authorship,1,ref_clarity (EN→ES),locale_conventions,procedural,0.0
Haiku,c3_authorship,1,ref_clarity (EN→ES),logical_operations,procedural,0.0
Haiku,c3_authorship,1,ref_clarity (EN→ES),mistranslation,judgment,0.47016234598162726
Haiku,c3_authorship,1,ref_clarity (EN→ES),omission,judgment,0.0
Haiku,c3_authorship,1,ref_clarity (EN→ES),redundancy,judgment,0.0
Haiku,c3_authorship,1,ref_clarity (EN→ES),referential_clarity,judgment,0.5982430416161189
Haiku,c3_authorship,1,ref_clarity (EN→ES),spelling_punctuation,procedural,0.0
Haiku,c3_authorship,1,ref_clarity (EN→ES),terminology,judgment,0.0
Haiku,c3_authorship,1,ref_clarity (EN→ES),untranslated,judgment,0.0
Haiku,c3_authorship,1,untranslated (EN→ES),abstraction,judgment,0.0
Haiku,c3_authorship,1,untranslated (EN→ES),addition,judgment,0.0
Haiku,c3_authorship,1,untranslated (EN→ES),do_not_translate,procedural,0.0
Haiku,c3_authorship,1,untranslated (EN→ES),fluency,judgment,0.550119604220181
Haiku,c3_authorship,1,untranslated (EN→ES),focus,judgment,0.0
Haiku,c3_authorship,1,untranslated (EN→ES),function_words,judgment,0.0
Haiku,c3_authorship,1,untranslated (EN→ES),grammar,procedural,0.0
Haiku,c3_authorship,1,untranslated (EN→ES),locale_conventions,procedural,0.0
Haiku,c3_authorship,1,untranslated (EN→ES),logical_operations,procedural,0.0
Haiku,c3_authorship,1,untranslated (EN→ES),mistranslation,judgment,0.0
Haiku,c3_authorship,1,untranslated (EN→ES),omission,judgment,0.0
Haiku,c3_authorship,1,untranslated (EN→ES),redundancy,judgment,0.0
Haiku,c3_authorship,1,untranslated (EN→ES),referential_clarity,judgment,0.0
Haiku,c3_authorship,1,untranslated (EN→ES),spelling_punctuation,procedural,0.22360679774997894
Haiku,c3_authorship,1,untranslated (EN→ES),terminology,judgment,1.2096106376585984
Haiku,c3_authorship,1,untranslated (EN→ES),untranslated,judgment,0.22360679774997894
Opus,c0_neutral,0,abstraction (EN→EL),abstraction,judgment,0.24999999999999997
Opus,c0_neutral,0,abstraction (EN→EL),addition,judgment,0.0
Opus,c0_neutral,0,abstraction (EN→EL),do_not_translate,procedural,0.0
Opus,c0_neutral,0,abstraction (EN→EL),fluency,judgment,0.0
Opus,c0_neutral,0,abstraction (EN→EL),focus,judgment,0.0
Opus,c0_neutral,0,abstraction (EN→EL),function_words,judgment,0.0
Opus,c0_neutral,0,abstraction (EN→EL),grammar,procedural,0.0
Opus,c0_neutral,0,abstraction (EN→EL),locale_conventions,procedural,0.0
Opus,c0_neutral,0,abstraction (EN→EL),logical_operations,procedural,0.0
Opus,c0_neutral,0,abstraction (EN→EL),mistranslation,judgment,0.0
Opus,c0_neutral,0,abstraction (EN→EL),omission,judgment,0.0
Opus,c0_neutral,0,abstraction (EN→EL),redundancy,judgment,0.0
Opus,c0_neutral,0,abstraction (EN→EL),referential_clarity,judgment,0.0
Opus,c0_neutral,0,abstraction (EN→EL),spelling_punctuation,procedural,0.0
Opus,c0_neutral,0,abstraction (EN→EL),terminology,judgment,0.0
Opus,c0_neutral,0,abstraction (EN→EL),untranslated,judgment,0.0
Opus,c0_neutral,0,func_words (EN→ES),abstraction,judgment,0.0
Opus,c0_neutral,0,func_words (EN→ES),addition,judgment,0.0
Opus,c0_neutral,0,func_words (EN→ES),do_not_translate,procedural,0.0
Opus,c0_neutral,0,func_words (EN→ES),fluency,judgment,0.44721359549995815
Opus,c0_neutral,0,func_words (EN→ES),focus,judgment,0.0
Opus,c0_neutral,0,func_words (EN→ES),function_words,judgment,0.5163977794943223
Opus,c0_neutral,0,func_words (EN→ES),grammar,procedural,0.24999999999999997
Opus,c0_neutral,0,func_words (EN→ES),locale_conventions,procedural,0.0
Opus,c0_neutral,0,func_words (EN→ES),logical_operations,procedural,0.0
Opus,c0_neutral,0,func_words (EN→ES),mistranslation,judgment,0.0
Opus,c0_neutral,0,func_words (EN→ES),omission,judgment,0.0
Opus,c0_neutral,0,func_words (EN→ES),redundancy,judgment,0.0
Opus,c0_neutral,0,func_words (EN→ES),referential_clarity,judgment,0.0
Opus,c0_neutral,0,func_words (EN→ES),spelling_punctuation,procedural,0.0
Opus,c0_neutral,0,func_words (EN→ES),terminology,judgment,0.0
Opus,c0_neutral,0,func_words (EN→ES),untranslated,judgment,0.0
Opus,c0_neutral,0,grammar (EN→EL),abstraction,judgment,0.0
Opus,c0_neutral,0,grammar (EN→EL),addition,judgment,0.0
Opus,c0_neutral,0,grammar (EN→EL),do_not_translate,procedural,0.0
Opus,c0_neutral,0,grammar (EN→EL),fluency,judgment,0.9979144919948469
Opus,c0_neutral,0,grammar (EN→EL),focus,judgment,0.0
Opus,c0_neutral,0,grammar (EN→EL),function_words,judgment,0.0
Opus,c0_neutral,0,grammar (EN→EL),grammar,procedural,0.3651483716701107
Opus,c0_neutral,0,grammar (EN→EL),locale_conventions,procedural,0.0
Opus,c0_neutral,0,grammar (EN→EL),logical_operations,procedural,0.0
Opus,c0_neutral,0,grammar (EN→EL),mistranslation,judgment,1.4008925726121901
Opus,c0_neutral,0,grammar (EN→EL),omission,judgment,0.0
Opus,c0_neutral,0,grammar (EN→EL),redundancy,judgment,0.0
Opus,c0_neutral,0,grammar (EN→EL),referential_clarity,judgment,0.0
Opus,c0_neutral,0,grammar (EN→EL),spelling_punctuation,procedural,0.0
Opus,c0_neutral,0,grammar (EN→EL),terminology,judgment,0.0
Opus,c0_neutral,0,grammar (EN→EL),untranslated,judgment,0.0
Opus,c0_neutral,0,locale_conv (EN→EL),abstraction,judgment,0.0
Opus,c0_neutral,0,locale_conv (EN→EL),addition,judgment,0.0
Opus,c0_neutral,0,locale_conv (EN→EL),do_not_translate,procedural,0.0
Opus,c0_neutral,0,locale_conv (EN→EL),fluency,judgment,0.0
Opus,c0_neutral,0,locale_conv (EN→EL),focus,judgment,0.0
Opus,c0_neutral,0,locale_conv (EN→EL),function_words,judgment,0.0
Opus,c0_neutral,0,locale_conv (EN→EL),grammar,procedural,0.0
Opus,c0_neutral,0,locale_conv (EN→EL),locale_conventions,procedural,0.4472135954999579
Opus,c0_neutral,0,locale_conv (EN→EL),logical_operations,procedural,0.0
Opus,c0_neutral,0,locale_conv (EN→EL),mistranslation,judgment,0.0
Opus,c0_neutral,0,locale_conv (EN→EL),omission,judgment,0.0
Opus,c0_neutral,0,locale_conv (EN→EL),redundancy,judgment,0.0
Opus,c0_neutral,0,locale_conv (EN→EL),referential_clarity,judgment,0.0
Opus,c0_neutral,0,locale_conv (EN→EL),spelling_punctuation,procedural,0.0
Opus,c0_neutral,0,locale_conv (EN→EL),terminology,judgment,0.0
Opus,c0_neutral,0,locale_conv (EN→EL),untranslated,judgment,0.0
Opus,c0_neutral,0,mistranslation (EN→ES),abstraction,judgment,0.0
Opus,c0_neutral,0,mistranslation (EN→ES),addition,judgment,1.2583057392117916
Opus,c0_neutral,0,mistranslation (EN→ES),do_not_translate,procedural,0.0
Opus,c0_neutral,0,mistranslation (EN→ES),fluency,judgment,0.3415650255319866
Opus,c0_neutral,0,mistranslation (EN→ES),focus,judgment,0.0
Opus,c0_neutral,0,mistranslation (EN→ES),function_words,judgment,0.0
Opus,c0_neutral,0,mistranslation (EN→ES),grammar,procedural,0.0
Opus,c0_neutral,0,mistranslation (EN→ES),locale_conventions,procedural,0.0
Opus,c0_neutral,0,mistranslation (EN→ES),logical_operations,procedural,0.0
Opus,c0_neutral,0,mistranslation (EN→ES),mistranslation,judgment,1.138346754435279
Opus,c0_neutral,0,mistranslation (EN→ES),omission,judgment,1.0327955589886444
Opus,c0_neutral,0,mistranslation (EN→ES),redundancy,judgment,0.0
Opus,c0_neutral,0,mistranslation (EN→ES),referential_clarity,judgment,0.0
Opus,c0_neutral,0,mistranslation (EN→ES),spelling_punctuation,procedural,0.0
Opus,c0_neutral,0,mistranslation (EN→ES),terminology,judgment,0.24999999999999997
Opus,c0_neutral,0,mistranslation (EN→ES),untranslated,judgment,0.0
Opus,c0_neutral,0,omission (EN→EL),abstraction,judgment,0.0
Opus,c0_neutral,0,omission (EN→EL),addition,judgment,0.0
Opus,c0_neutral,0,omission (EN→EL),do_not_translate,procedural,0.0
Opus,c0_neutral,0,omission (EN→EL),fluency,judgment,0.0
Opus,c0_neutral,0,omission (EN→EL),focus,judgment,0.0
Opus,c0_neutral,0,omission (EN→EL),function_words,judgment,0.0
Opus,c0_neutral,0,omission (EN→EL),grammar,procedural,0.0
Opus,c0_neutral,0,omission (EN→EL),locale_conventions,procedural,0.0
Opus,c0_neutral,0,omission (EN→EL),logical_operations,procedural,0.0
Opus,c0_neutral,0,omission (EN→EL),mistranslation,judgment,0.0
Opus,c0_neutral,0,omission (EN→EL),omission,judgment,0.0
Opus,c0_neutral,0,omission (EN→EL),redundancy,judgment,0.0
Opus,c0_neutral,0,omission (EN→EL),referential_clarity,judgment,0.0
Opus,c0_neutral,0,omission (EN→EL),spelling_punctuation,procedural,0.24999999999999992
Opus,c0_neutral,0,omission (EN→EL),terminology,judgment,0.0
Opus,c0_neutral,0,omission (EN→EL),untranslated,judgment,0.0
Opus,c0_neutral,0,omission (EN→ES),abstraction,judgment,0.0
Opus,c0_neutral,0,omission (EN→ES),addition,judgment,0.0
Opus,c0_neutral,0,omission (EN→ES),do_not_translate,procedural,0.0
Opus,c0_neutral,0,omission (EN→ES),fluency,judgment,0.0
Opus,c0_neutral,0,omission (EN→ES),focus,judgment,0.0
Opus,c0_neutral,0,omission (EN→ES),function_words,judgment,0.0
Opus,c0_neutral,0,omission (EN→ES),grammar,procedural,0.0
Opus,c0_neutral,0,omission (EN→ES),locale_conventions,procedural,0.0
Opus,c0_neutral,0,omission (EN→ES),logical_operations,procedural,0.0
Opus,c0_neutral,0,omission (EN→ES),mistranslation,judgment,0.0
Opus,c0_neutral,0,omission (EN→ES),omission,judgment,0.0
Opus,c0_neutral,0,omission (EN→ES),redundancy,judgment,0.0
Opus,c0_neutral,0,omission (EN→ES),referential_clarity,judgment,0.0
Opus,c0_neutral,0,omission (EN→ES),spelling_punctuation,procedural,0.0
Opus,c0_neutral,0,omission (EN→ES),terminology,judgment,0.0
Opus,c0_neutral,0,omission (EN→ES),untranslated,judgment,0.0
Opus,c0_neutral,0,redundancy (EN→ES),abstraction,judgment,0.0
Opus,c0_neutral,0,redundancy (EN→ES),addition,judgment,0.0
Opus,c0_neutral,0,redundancy (EN→ES),do_not_translate,procedural,0.0
Opus,c0_neutral,0,redundancy (EN→ES),fluency,judgment,0.4472135954999581
Opus,c0_neutral,0,redundancy (EN→ES),focus,judgment,0.0
Opus,c0_neutral,0,redundancy (EN→ES),function_words,judgment,0.0
Opus,c0_neutral,0,redundancy (EN→ES),grammar,procedural,0.0
Opus,c0_neutral,0,redundancy (EN→ES),locale_conventions,procedural,0.0
Opus,c0_neutral,0,redundancy (EN→ES),logical_operations,procedural,0.0
Opus,c0_neutral,0,redundancy (EN→ES),mistranslation,judgment,0.0
Opus,c0_neutral,0,redundancy (EN→ES),omission,judgment,0.0
Opus,c0_neutral,0,redundancy (EN→ES),redundancy,judgment,0.40311288741492757
Opus,c0_neutral,0,redundancy (EN→ES),referential_clarity,judgment,0.0
Opus,c0_neutral,0,redundancy (EN→ES),spelling_punctuation,procedural,0.0
Opus,c0_neutral,0,redundancy (EN→ES),terminology,judgment,0.0
Opus,c0_neutral,0,redundancy (EN→ES),untranslated,judgment,0.0
Opus,c0_neutral,0,ref_clarity (EN→EL),abstraction,judgment,0.0
Opus,c0_neutral,0,ref_clarity (EN→EL),addition,judgment,0.0
Opus,c0_neutral,0,ref_clarity (EN→EL),do_not_translate,procedural,0.0
Opus,c0_neutral,0,ref_clarity (EN→EL),fluency,judgment,0.478713553878169
Opus,c0_neutral,0,ref_clarity (EN→EL),focus,judgment,0.0
Opus,c0_neutral,0,ref_clarity (EN→EL),function_words,judgment,0.0
Opus,c0_neutral,0,ref_clarity (EN→EL),grammar,procedural,0.0
Opus,c0_neutral,0,ref_clarity (EN→EL),locale_conventions,procedural,0.0
Opus,c0_neutral,0,ref_clarity (EN→EL),logical_operations,procedural,0.0
Opus,c0_neutral,0,ref_clarity (EN→EL),mistranslation,judgment,0.6291528696058958
Opus,c0_neutral,0,ref_clarity (EN→EL),omission,judgment,0.0
Opus,c0_neutral,0,ref_clarity (EN→EL),redundancy,judgment,0.0
Opus,c0_neutral,0,ref_clarity (EN→EL),referential_clarity,judgment,0.0
Opus,c0_neutral,0,ref_clarity (EN→EL),spelling_punctuation,procedural,0.0
Opus,c0_neutral,0,ref_clarity (EN→EL),terminology,judgment,0.0
Opus,c0_neutral,0,ref_clarity (EN→EL),untranslated,judgment,0.0
Opus,c0_neutral,0,ref_clarity (EN→ES),abstraction,judgment,0.0
Opus,c0_neutral,0,ref_clarity (EN→ES),addition,judgment,0.0
Opus,c0_neutral,0,ref_clarity (EN→ES),do_not_translate,procedural,0.0
Opus,c0_neutral,0,ref_clarity (EN→ES),fluency,judgment,0.0
Opus,c0_neutral,0,ref_clarity (EN→ES),focus,judgment,0.0
Opus,c0_neutral,0,ref_clarity (EN→ES),function_words,judgment,0.0
Opus,c0_neutral,0,ref_clarity (EN→ES),grammar,procedural,0.0
Opus,c0_neutral,0,ref_clarity (EN→ES),locale_conventions,procedural,0.0
Opus,c0_neutral,0,ref_clarity (EN→ES),logical_operations,procedural,0.0
Opus,c0_neutral,0,ref_clarity (EN→ES),mistranslation,judgment,0.0
Opus,c0_neutral,0,ref_clarity (EN→ES),omission,judgment,0.0
Opus,c0_neutral,0,ref_clarity (EN→ES),redundancy,judgment,0.0
Opus,c0_neutral,0,ref_clarity (EN→ES),referential_clarity,judgment,0.0
Opus,c0_neutral,0,ref_clarity (EN→ES),spelling_punctuation,procedural,0.0
Opus,c0_neutral,0,ref_clarity (EN→ES),terminology,judgment,0.0
Opus,c0_neutral,0,ref_clarity (EN→ES),untranslated,judgment,0.0
Opus,c0_neutral,0,untranslated (EN→ES),abstraction,judgment,0.0
Opus,c0_neutral,0,untranslated (EN→ES),addition,judgment,0.0
Opus,c0_neutral,0,untranslated (EN→ES),do_not_translate,procedural,0.0
Opus,c0_neutral,0,untranslated (EN→ES),fluency,judgment,0.47871355387816916
Opus,c0_neutral,0,untranslated (EN→ES),focus,judgment,0.0
Opus,c0_neutral,0,untranslated (EN→ES),function_words,judgment,0.0
Opus,c0_neutral,0,untranslated (EN→ES),grammar,procedural,0.0
Opus,c0_neutral,0,untranslated (EN→ES),locale_conventions,procedural,0.0
Opus,c0_neutral,0,untranslated (EN→ES),logical_operations,procedural,0.0
Opus,c0_neutral,0,untranslated (EN→ES),mistranslation,judgment,0.0
Opus,c0_neutral,0,untranslated (EN→ES),omission,judgment,0.0
Opus,c0_neutral,0,untranslated (EN→ES),redundancy,judgment,0.0
Opus,c0_neutral,0,untranslated (EN→ES),referential_clarity,judgment,0.0
Opus,c0_neutral,0,untranslated (EN→ES),spelling_punctuation,procedural,0.0
Opus,c0_neutral,0,untranslated (EN→ES),terminology,judgment,0.9574271077563381
Opus,c0_neutral,0,untranslated (EN→ES),untranslated,judgment,0.40311288741492757
Opus,c0_neutral,1,abstraction (EN→EL),abstraction,judgment,0.22360679774997894
Opus,c0_neutral,1,abstraction (EN→EL),addition,judgment,0.0
Opus,c0_neutral,1,abstraction (EN→EL),do_not_translate,procedural,0.0
Opus,c0_neutral,1,abstraction (EN→EL),fluency,judgment,0.0
Opus,c0_neutral,1,abstraction (EN→EL),focus,judgment,0.0
Opus,c0_neutral,1,abstraction (EN→EL),function_words,judgment,0.0
Opus,c0_neutral,1,abstraction (EN→EL),grammar,procedural,0.0
Opus,c0_neutral,1,abstraction (EN→EL),locale_conventions,procedural,0.0
Opus,c0_neutral,1,abstraction (EN→EL),logical_operations,procedural,0.3663475485325233
Opus,c0_neutral,1,abstraction (EN→EL),mistranslation,judgment,0.223606797749979
Opus,c0_neutral,1,abstraction (EN→EL),omission,judgment,0.0
Opus,c0_neutral,1,abstraction (EN→EL),redundancy,judgment,0.0
Opus,c0_neutral,1,abstraction (EN→EL),referential_clarity,judgment,0.0
Opus,c0_neutral,1,abstraction (EN→EL),spelling_punctuation,procedural,0.0
Opus,c0_neutral,1,abstraction (EN→EL),terminology,judgment,0.3077935056255463
Opus,c0_neutral,1,abstraction (EN→EL),untranslated,judgment,0.0
Opus,c0_neutral,1,func_words (EN→ES),abstraction,judgment,0.0
Opus,c0_neutral,1,func_words (EN→ES),addition,judgment,0.0
Opus,c0_neutral,1,func_words (EN→ES),do_not_translate,procedural,0.0
Opus,c0_neutral,1,func_words (EN→ES),fluency,judgment,0.41039134083406165
Opus,c0_neutral,1,func_words (EN→ES),focus,judgment,0.0
Opus,c0_neutral,1,func_words (EN→ES),function_words,judgment,0.36634754853252327
Opus,c0_neutral,1,func_words (EN→ES),grammar,procedural,0.6048053188292994
Opus,c0_neutral,1,func_words (EN→ES),locale_conventions,procedural,0.0
Opus,c0_neutral,1,func_words (EN→ES),logical_operations,procedural,0.0
Opus,c0_neutral,1,func_words (EN→ES),mistranslation,judgment,0.0
Opus,c0_neutral,1,func_words (EN→ES),omission,judgment,0.0
Opus,c0_neutral,1,func_words (EN→ES),redundancy,judgment,0.0
Opus,c0_neutral,1,func_words (EN→ES),referential_clarity,judgment,0.0
Opus,c0_neutral,1,func_words (EN→ES),spelling_punctuation,procedural,0.0
Opus,c0_neutral,1,func_words (EN→ES),terminology,judgment,0.0
Opus,c0_neutral,1,func_words (EN→ES),untranslated,judgment,0.0
Opus,c0_neutral,1,grammar (EN→EL),abstraction,judgment,0.0
Opus,c0_neutral,1,grammar (EN→EL),addition,judgment,0.0
Opus,c0_neutral,1,grammar (EN→EL),do_not_translate,procedural,0.0
Opus,c0_neutral,1,grammar (EN→EL),fluency,judgment,0.760885910252682
Opus,c0_neutral,1,grammar (EN→EL),focus,judgment,0.0
Opus,c0_neutral,1,grammar (EN→EL),function_words,judgment,0.0
Opus,c0_neutral,1,grammar (EN→EL),grammar,procedural,0.22360679774997896
Opus,c0_neutral,1,grammar (EN→EL),locale_conventions,procedural,0.0
Opus,c0_neutral,1,grammar (EN→EL),logical_operations,procedural,0.6708203932499369
Opus,c0_neutral,1,grammar (EN→EL),mistranslation,judgment,1.3088765773505315
Opus,c0_neutral,1,grammar (EN→EL),omission,judgment,0.0
Opus,c0_neutral,1,grammar (EN→EL),redundancy,judgment,0.0
Opus,c0_neutral,1,grammar (EN→EL),referential_clarity,judgment,0.0
Opus,c0_neutral,1,grammar (EN→EL),spelling_punctuation,procedural,0.0
Opus,c0_neutral,1,grammar (EN→EL),terminology,judgment,0.0
Opus,c0_neutral,1,grammar (EN→EL),untranslated,judgment,0.0
Opus,c0_neutral,1,locale_conv (EN→EL),abstraction,judgment,0.0
Opus,c0_neutral,1,locale_conv (EN→EL),addition,judgment,0.0
Opus,c0_neutral,1,locale_conv (EN→EL),do_not_translate,procedural,0.0
Opus,c0_neutral,1,locale_conv (EN→EL),fluency,judgment,0.47016234598162715
Opus,c0_neutral,1,locale_conv (EN→EL),focus,judgment,0.0
Opus,c0_neutral,1,locale_conv (EN→EL),function_words,judgment,0.0
Opus,c0_neutral,1,locale_conv (EN→EL),grammar,procedural,0.0
Opus,c0_neutral,1,locale_conv (EN→EL),locale_conventions,procedural,0.5026246899500346
Opus,c0_neutral,1,locale_conv (EN→EL),logical_operations,procedural,0.0
Opus,c0_neutral,1,locale_conv (EN→EL),mistranslation,judgment,0.0
Opus,c0_neutral,1,locale_conv (EN→EL),omission,judgment,0.0
Opus,c0_neutral,1,locale_conv (EN→EL),redundancy,judgment,0.0
Opus,c0_neutral,1,locale_conv (EN→EL),referential_clarity,judgment,0.0
Opus,c0_neutral,1,locale_conv (EN→EL),spelling_punctuation,procedural,0.4701623459816273
Opus,c0_neutral,1,locale_conv (EN→EL),terminology,judgment,0.0
Opus,c0_neutral,1,locale_conv (EN→EL),untranslated,judgment,0.0
Opus,c0_neutral,1,mistranslation (EN→ES),abstraction,judgment,0.0
Opus,c0_neutral,1,mistranslation (EN→ES),addition,judgment,1.2396943596157715
Opus,c0_neutral,1,mistranslation (EN→ES),do_not_translate,procedural,0.0
Opus,c0_neutral,1,mistranslation (EN→ES),fluency,judgment,0.22360679774997894
Opus,c0_neutral,1,mistranslation (EN→ES),focus,judgment,0.0
Opus,c0_neutral,1,mistranslation (EN→ES),function_words,judgment,0.0
Opus,c0_neutral,1,mistranslation (EN→ES),grammar,procedural,0.0
Opus,c0_neutral,1,mistranslation (EN→ES),locale_conventions,procedural,0.0
Opus,c0_neutral,1,mistranslation (EN→ES),logical_operations,procedural,0.0
Opus,c0_neutral,1,mistranslation (EN→ES),mistranslation,judgment,0.9947229183096801
Opus,c0_neutral,1,mistranslation (EN→ES),omission,judgment,1.1821033884786183
Opus,c0_neutral,1,mistranslation (EN→ES),redundancy,judgment,0.0
Opus,c0_neutral,1,mistranslation (EN→ES),referential_clarity,judgment,0.0
Opus,c0_neutral,1,mistranslation (EN→ES),spelling_punctuation,procedural,0.0
Opus,c0_neutral,1,mistranslation (EN→ES),terminology,judgment,0.223606797749979
Opus,c0_neutral,1,mistranslation (EN→ES),untranslated,judgment,0.0
Opus,c0_neutral,1,omission (EN→EL),abstraction,judgment,0.0
Opus,c0_neutral,1,omission (EN→EL),addition,judgment,0.0
Opus,c0_neutral,1,omission (EN→EL),do_not_translate,procedural,0.0
Opus,c0_neutral,1,omission (EN→EL),fluency,judgment,0.9333020044867295
Opus,c0_neutral,1,omission (EN→EL),focus,judgment,0.0
Opus,c0_neutral,1,omission (EN→EL),function_words,judgment,0.0
Opus,c0_neutral,1,omission (EN→EL),grammar,procedural,0.523148363780597
Opus,c0_neutral,1,omission (EN→EL),locale_conventions,procedural,0.0
Opus,c0_neutral,1,omission (EN→EL),logical_operations,procedural,0.0
Opus,c0_neutral,1,omission (EN→EL),mistranslation,judgment,0.0
Opus,c0_neutral,1,omission (EN→EL),omission,judgment,0.41039134083406165
Opus,c0_neutral,1,omission (EN→EL),redundancy,judgment,0.0
Opus,c0_neutral,1,omission (EN→EL),referential_clarity,judgment,0.0
Opus,c0_neutral,1,omission (EN→EL),spelling_punctuation,procedural,0.30779350562554625
Opus,c0_neutral,1,omission (EN→EL),terminology,judgment,0.0
Opus,c0_neutral,1,omission (EN→EL),untranslated,judgment,0.0
Opus,c0_neutral,1,omission (EN→ES),abstraction,judgment,0.0
Opus,c0_neutral,1,omission (EN→ES),addition,judgment,0.0
Opus,c0_neutral,1,omission (EN→ES),do_not_translate,procedural,0.0
Opus,c0_neutral,1,omission (EN→ES),fluency,judgment,0.0
Opus,c0_neutral,1,omission (EN→ES),focus,judgment,0.0
Opus,c0_neutral,1,omission (EN→ES),function_words,judgment,0.0
Opus,c0_neutral,1,omission (EN→ES),grammar,procedural,0.0
Opus,c0_neutral,1,omission (EN→ES),locale_conventions,procedural,0.0
Opus,c0_neutral,1,omission (EN→ES),logical_operations,procedural,0.0
Opus,c0_neutral,1,omission (EN→ES),mistranslation,judgment,0.0
Opus,c0_neutral,1,omission (EN→ES),omission,judgment,0.41039134083406165
Opus,c0_neutral,1,omission (EN→ES),redundancy,judgment,0.0
Opus,c0_neutral,1,omission (EN→ES),referential_clarity,judgment,0.0
Opus,c0_neutral,1,omission (EN→ES),spelling_punctuation,procedural,0.0
Opus,c0_neutral,1,omission (EN→ES),terminology,judgment,0.0
Opus,c0_neutral,1,omission (EN→ES),untranslated,judgment,0.0
Opus,c0_neutral,1,redundancy (EN→ES),abstraction,judgment,0.0
Opus,c0_neutral,1,redundancy (EN→ES),addition,judgment,0.6882472016116853
Opus,c0_neutral,1,redundancy (EN→ES),do_not_translate,procedural,0.0
Opus,c0_neutral,1,redundancy (EN→ES),fluency,judgment,0.5104177855340405
Opus,c0_neutral,1,redundancy (EN→ES),focus,judgment,0.22360679774997902
Opus,c0_neutral,1,redundancy (EN→ES),function_words,judgment,0.0
Opus,c0_neutral,1,redundancy (EN→ES),grammar,procedural,0.0
Opus,c0_neutral,1,redundancy (EN→ES),locale_conventions,procedural,0.0
Opus,c0_neutral,1,redundancy (EN→ES),logical_operations,procedural,0.0
Opus,c0_neutral,1,redundancy (EN→ES),mistranslation,judgment,0.0
Opus,c0_neutral,1,redundancy (EN→ES),omission,judgment,0.0
Opus,c0_neutral,1,redundancy (EN→ES),redundancy,judgment,0.22360679774997894
Opus,c0_neutral,1,redundancy (EN→ES),referential_clarity,judgment,0.0
Opus,c0_neutral,1,redundancy (EN→ES),spelling_punctuation,procedural,0.0
Opus,c0_neutral,1,redundancy (EN→ES),terminology,judgment,0.0
Opus,c0_neutral,1,redundancy (EN→ES),untranslated,judgment,0.0
Opus,c0_neutral,1,ref_clarity (EN→EL),abstraction,judgment,0.0
Opus,c0_neutral,1,ref_clarity (EN→EL),addition,judgment,0.0
Opus,c0_neutral,1,ref_clarity (EN→EL),do_not_translate,procedural,0.0
Opus,c0_neutral,1,ref_clarity (EN→EL),fluency,judgment,0.4103913408340617
Opus,c0_neutral,1,ref_clarity (EN→EL),focus,judgment,0.0
Opus,c0_neutral,1,ref_clarity (EN→EL),function_words,judgment,0.0
Opus,c0_neutral,1,ref_clarity (EN→EL),grammar,procedural,0.0
Opus,c0_neutral,1,ref_clarity (EN→EL),locale_conventions,procedural,0.0
Opus,c0_neutral,1,ref_clarity (EN→EL),logical_operations,procedural,0.0
Opus,c0_neutral,1,ref_clarity (EN→EL),mistranslation,judgment,0.4893604849295928
Opus,c0_neutral,1,ref_clarity (EN→EL),omission,judgment,0.0
Opus,c0_neutral,1,ref_clarity (EN→EL),redundancy,judgment,0.0
Opus,c0_neutral,1,ref_clarity (EN→EL),referential_clarity,judgment,0.9787209698591857
Opus,c0_neutral,1,ref_clarity (EN→EL),spelling_punctuation,procedural,0.0
Opus,c0_neutral,1,ref_clarity (EN→EL),terminology,judgment,0.0
Opus,c0_neutral,1,ref_clarity (EN→EL),untranslated,judgment,0.0
Opus,c0_neutral,1,ref_clarity (EN→ES),abstraction,judgment,0.0
Opus,c0_neutral,1,ref_clarity (EN→ES),addition,judgment,0.0
Opus,c0_neutral,1,ref_clarity (EN→ES),do_not_translate,procedural,0.0
Opus,c0_neutral,1,ref_clarity (EN→ES),fluency,judgment,0.22360679774997896
Opus,c0_neutral,1,ref_clarity (EN→ES),focus,judgment,0.0
Opus,c0_neutral,1,ref_clarity (EN→ES),function_words,judgment,0.0
Opus,c0_neutral,1,ref_clarity (EN→ES),grammar,procedural,0.0
Opus,c0_neutral,1,ref_clarity (EN→ES),locale_conventions,procedural,0.0
Opus,c0_neutral,1,ref_clarity (EN→ES),logical_operations,procedural,0.0
Opus,c0_neutral,1,ref_clarity (EN→ES),mistranslation,judgment,0.4442616583193192
Opus,c0_neutral,1,ref_clarity (EN→ES),omission,judgment,0.0
Opus,c0_neutral,1,ref_clarity (EN→ES),redundancy,judgment,0.0
Opus,c0_neutral,1,ref_clarity (EN→ES),referential_clarity,judgment,0.36634754853252327
Opus,c0_neutral,1,ref_clarity (EN→ES),spelling_punctuation,procedural,0.0
Opus,c0_neutral,1,ref_clarity (EN→ES),terminology,judgment,0.0
Opus,c0_neutral,1,ref_clarity (EN→ES),untranslated,judgment,0.0
Opus,c0_neutral,1,untranslated (EN→ES),abstraction,judgment,0.0
Opus,c0_neutral,1,untranslated (EN→ES),addition,judgment,0.0
Opus,c0_neutral,1,untranslated (EN→ES),do_not_translate,procedural,0.0
Opus,c0_neutral,1,untranslated (EN→ES),fluency,judgment,0.5104177855340405
Opus,c0_neutral,1,untranslated (EN→ES),focus,judgment,0.0
Opus,c0_neutral,1,untranslated (EN→ES),function_words,judgment,0.0
Opus,c0_neutral,1,untranslated (EN→ES),grammar,procedural,0.0
Opus,c0_neutral,1,untranslated (EN→ES),locale_conventions,procedural,0.0
Opus,c0_neutral,1,untranslated (EN→ES),logical_operations,procedural,0.0
Opus,c0_neutral,1,untranslated (EN→ES),mistranslation,judgment,0.0
Opus,c0_neutral,1,untranslated (EN→ES),omission,judgment,0.0
Opus,c0_neutral,1,untranslated (EN→ES),redundancy,judgment,0.0
Opus,c0_neutral,1,untranslated (EN→ES),referential_clarity,judgment,0.0
Opus,c0_neutral,1,untranslated (EN→ES),spelling_punctuation,procedural,0.3077935056255463
Opus,c0_neutral,1,untranslated (EN→ES),terminology,judgment,0.9333020044867296
Opus,c0_neutral,1,untranslated (EN→ES),untranslated,judgment,0.0
Opus,c1_safety,0,abstraction (EN→EL),abstraction,judgment,0.0
Opus,c1_safety,0,abstraction (EN→EL),addition,judgment,0.0
Opus,c1_safety,0,abstraction (EN→EL),do_not_translate,procedural,0.0
Opus,c1_safety,0,abstraction (EN→EL),fluency,judgment,0.0
Opus,c1_safety,0,abstraction (EN→EL),focus,judgment,0.0
Opus,c1_safety,0,abstraction (EN→EL),function_words,judgment,0.0
Opus,c1_safety,0,abstraction (EN→EL),grammar,procedural,0.0
Opus,c1_safety,0,abstraction (EN→EL),locale_conventions,procedural,0.0
Opus,c1_safety,0,abstraction (EN→EL),logical_operations,procedural,0.0
Opus,c1_safety,0,abstraction (EN→EL),mistranslation,judgment,0.0
Opus,c1_safety,0,abstraction (EN→EL),omission,judgment,0.22941573387056172
Opus,c1_safety,0,abstraction (EN→EL),redundancy,judgment,0.0
Opus,c1_safety,0,abstraction (EN→EL),referential_clarity,judgment,0.0
Opus,c1_safety,0,abstraction (EN→EL),spelling_punctuation,procedural,0.0
Opus,c1_safety,0,abstraction (EN→EL),terminology,judgment,0.0
Opus,c1_safety,0,abstraction (EN→EL),untranslated,judgment,0.0
Opus,c1_safety,0,func_words (EN→ES),abstraction,judgment,0.0
Opus,c1_safety,0,func_words (EN→ES),addition,judgment,0.0
Opus,c1_safety,0,func_words (EN→ES),do_not_translate,procedural,0.0
Opus,c1_safety,0,func_words (EN→ES),fluency,judgment,0.4524139283588643
Opus,c1_safety,0,func_words (EN→ES),focus,judgment,0.0
Opus,c1_safety,0,func_words (EN→ES),function_words,judgment,0.452413928358864
Opus,c1_safety,0,func_words (EN→ES),grammar,procedural,0.315301767642306
Opus,c1_safety,0,func_words (EN→ES),locale_conventions,procedural,0.0
Opus,c1_safety,0,func_words (EN→ES),logical_operations,procedural,0.0
Opus,c1_safety,0,func_words (EN→ES),mistranslation,judgment,0.0
Opus,c1_safety,0,func_words (EN→ES),omission,judgment,0.0
Opus,c1_safety,0,func_words (EN→ES),redundancy,judgment,0.0
Opus,c1_safety,0,func_words (EN→ES),referential_clarity,judgment,0.0
Opus,c1_safety,0,func_words (EN→ES),spelling_punctuation,procedural,0.0
Opus,c1_safety,0,func_words (EN→ES),terminology,judgment,0.0
Opus,c1_safety,0,func_words (EN→ES),untranslated,judgment,0.0
Opus,c1_safety,0,grammar (EN→EL),abstraction,judgment,0.0
Opus,c1_safety,0,grammar (EN→EL),addition,judgment,0.0
Opus,c1_safety,0,grammar (EN→EL),do_not_translate,procedural,0.0
Opus,c1_safety,0,grammar (EN→EL),fluency,judgment,0.837707816583391
Opus,c1_safety,0,grammar (EN→EL),focus,judgment,0.0
Opus,c1_safety,0,grammar (EN→EL),function_words,judgment,0.0
Opus,c1_safety,0,grammar (EN→EL),grammar,procedural,0.0
Opus,c1_safety,0,grammar (EN→EL),locale_conventions,procedural,0.0
Opus,c1_safety,0,grammar (EN→EL),logical_operations,procedural,0.0
Opus,c1_safety,0,grammar (EN→EL),mistranslation,judgment,1.4985372985307104
Opus,c1_safety,0,grammar (EN→EL),omission,judgment,0.0
Opus,c1_safety,0,grammar (EN→EL),redundancy,judgment,0.0
Opus,c1_safety,0,grammar (EN→EL),referential_clarity,judgment,0.0
Opus,c1_safety,0,grammar (EN→EL),spelling_punctuation,procedural,0.0
Opus,c1_safety,0,grammar (EN→EL),terminology,judgment,0.0
Opus,c1_safety,0,grammar (EN→EL),untranslated,judgment,0.0
Opus,c1_safety,0,locale_conv (EN→EL),abstraction,judgment,0.0
Opus,c1_safety,0,locale_conv (EN→EL),addition,judgment,0.0
Opus,c1_safety,0,locale_conv (EN→EL),do_not_translate,procedural,0.0
Opus,c1_safety,0,locale_conv (EN→EL),fluency,judgment,0.3746343246326776
Opus,c1_safety,0,locale_conv (EN→EL),focus,judgment,0.0
Opus,c1_safety,0,locale_conv (EN→EL),function_words,judgment,0.0
Opus,c1_safety,0,locale_conv (EN→EL),grammar,procedural,0.0
Opus,c1_safety,0,locale_conv (EN→EL),locale_conventions,procedural,0.49559462778335206
Opus,c1_safety,0,locale_conv (EN→EL),logical_operations,procedural,0.0
Opus,c1_safety,0,locale_conv (EN→EL),mistranslation,judgment,0.0
Opus,c1_safety,0,locale_conv (EN→EL),omission,judgment,0.0
Opus,c1_safety,0,locale_conv (EN→EL),redundancy,judgment,0.0
Opus,c1_safety,0,locale_conv (EN→EL),referential_clarity,judgment,0.0
Opus,c1_safety,0,locale_conv (EN→EL),spelling_punctuation,procedural,0.22941573387056177
Opus,c1_safety,0,locale_conv (EN→EL),terminology,judgment,0.0
Opus,c1_safety,0,locale_conv (EN→EL),untranslated,judgment,0.0
Opus,c1_safety,0,mistranslation (EN→ES),abstraction,judgment,0.0
Opus,c1_safety,0,mistranslation (EN→ES),addition,judgment,1.0975784083941789
Opus,c1_safety,0,mistranslation (EN→ES),do_not_translate,procedural,0.0
Opus,c1_safety,0,mistranslation (EN→ES),fluency,judgment,0.22941573387056174
Opus,c1_safety,0,mistranslation (EN→ES),focus,judgment,0.0
Opus,c1_safety,0,mistranslation (EN→ES),function_words,judgment,0.0
Opus,c1_safety,0,mistranslation (EN→ES),grammar,procedural,0.0
Opus,c1_safety,0,mistranslation (EN→ES),locale_conventions,procedural,0.0
Opus,c1_safety,0,mistranslation (EN→ES),logical_operations,procedural,0.0
Opus,c1_safety,0,mistranslation (EN→ES),mistranslation,judgment,1.2401659953032225
Opus,c1_safety,0,mistranslation (EN→ES),omission,judgment,1.1212983285105118
Opus,c1_safety,0,mistranslation (EN→ES),redundancy,judgment,0.0
Opus,c1_safety,0,mistranslation (EN→ES),referential_clarity,judgment,0.0
Opus,c1_safety,0,mistranslation (EN→ES),spelling_punctuation,procedural,0.0
Opus,c1_safety,0,mistranslation (EN→ES),terminology,judgment,0.0
Opus,c1_safety,0,mistranslation (EN→ES),untranslated,judgment,0.0
Opus,c1_safety,0,omission (EN→EL),abstraction,judgment,0.0
Opus,c1_safety,0,omission (EN→EL),addition,judgment,0.0
Opus,c1_safety,0,omission (EN→EL),do_not_translate,procedural,0.0
Opus,c1_safety,0,omission (EN→EL),fluency,judgment,0.22941573387056177
Opus,c1_safety,0,omission (EN→EL),focus,judgment,0.0
Opus,c1_safety,0,omission (EN→EL),function_words,judgment,0.0
Opus,c1_safety,0,omission (EN→EL),grammar,procedural,0.0
Opus,c1_safety,0,omission (EN→EL),locale_conventions,procedural,0.0
Opus,c1_safety,0,omission (EN→EL),logical_operations,procedural,0.0
Opus,c1_safety,0,omission (EN→EL),mistranslation,judgment,0.0
Opus,c1_safety,0,omission (EN→EL),omission,judgment,0.0
Opus,c1_safety,0,omission (EN→EL),redundancy,judgment,0.0
Opus,c1_safety,0,omission (EN→EL),referential_clarity,judgment,0.0
Opus,c1_safety,0,omission (EN→EL),spelling_punctuation,procedural,0.0
Opus,c1_safety,0,omission (EN→EL),terminology,judgment,0.0
Opus,c1_safety,0,omission (EN→EL),untranslated,judgment,0.0
Opus,c1_safety,0,omission (EN→ES),abstraction,judgment,0.0
Opus,c1_safety,0,omission (EN→ES),addition,judgment,0.0
Opus,c1_safety,0,omission (EN→ES),do_not_translate,procedural,0.0
Opus,c1_safety,0,omission (EN→ES),fluency,judgment,0.0
Opus,c1_safety,0,omission (EN→ES),focus,judgment,0.0
Opus,c1_safety,0,omission (EN→ES),function_words,judgment,0.0
Opus,c1_safety,0,omission (EN→ES),grammar,procedural,0.0
Opus,c1_safety,0,omission (EN→ES),locale_conventions,procedural,0.0
Opus,c1_safety,0,omission (EN→ES),logical_operations,procedural,0.0
Opus,c1_safety,0,omission (EN→ES),mistranslation,judgment,0.0
Opus,c1_safety,0,omission (EN→ES),omission,judgment,0.0
Opus,c1_safety,0,omission (EN→ES),redundancy,judgment,0.0
Opus,c1_safety,0,omission (EN→ES),referential_clarity,judgment,0.0
Opus,c1_safety,0,omission (EN→ES),spelling_punctuation,procedural,0.0
Opus,c1_safety,0,omission (EN→ES),terminology,judgment,0.0
Opus,c1_safety,0,omission (EN→ES),untranslated,judgment,0.0
Opus,c1_safety,0,redundancy (EN→ES),abstraction,judgment,0.0
Opus,c1_safety,0,redundancy (EN→ES),addition,judgment,0.6069769786668839
Opus,c1_safety,0,redundancy (EN→ES),do_not_translate,procedural,0.0
Opus,c1_safety,0,redundancy (EN→ES),fluency,judgment,0.5072572735017881
Opus,c1_safety,0,redundancy (EN→ES),focus,judgment,0.0
Opus,c1_safety,0,redundancy (EN→ES),function_words,judgment,0.0
Opus,c1_safety,0,redundancy (EN→ES),grammar,procedural,0.0
Opus,c1_safety,0,redundancy (EN→ES),locale_conventions,procedural,0.0
Opus,c1_safety,0,redundancy (EN→ES),logical_operations,procedural,0.0
Opus,c1_safety,0,redundancy (EN→ES),mistranslation,judgment,0.0
Opus,c1_safety,0,redundancy (EN→ES),omission,judgment,0.0
Opus,c1_safety,0,redundancy (EN→ES),redundancy,judgment,0.2294157338705618
Opus,c1_safety,0,redundancy (EN→ES),referential_clarity,judgment,0.0
Opus,c1_safety,0,redundancy (EN→ES),spelling_punctuation,procedural,0.0
Opus,c1_safety,0,redundancy (EN→ES),terminology,judgment,0.0
Opus,c1_safety,0,redundancy (EN→ES),untranslated,judgment,0.0
Opus,c1_safety,0,ref_clarity (EN→EL),abstraction,judgment,0.0
Opus,c1_safety,0,ref_clarity (EN→EL),addition,judgment,0.0
Opus,c1_safety,0,ref_clarity (EN→EL),do_not_translate,procedural,0.0
Opus,c1_safety,0,ref_clarity (EN→EL),fluency,judgment,0.22941573387056177
Opus,c1_safety,0,ref_clarity (EN→EL),focus,judgment,0.0
Opus,c1_safety,0,ref_clarity (EN→EL),function_words,judgment,0.0
Opus,c1_safety,0,ref_clarity (EN→EL),grammar,procedural,0.0
Opus,c1_safety,0,ref_clarity (EN→EL),locale_conventions,procedural,0.0
Opus,c1_safety,0,ref_clarity (EN→EL),logical_operations,procedural,0.0
Opus,c1_safety,0,ref_clarity (EN→EL),mistranslation,judgment,0.6117752903214978
Opus,c1_safety,0,ref_clarity (EN→EL),omission,judgment,0.0
Opus,c1_safety,0,ref_clarity (EN→EL),redundancy,judgment,0.0
Opus,c1_safety,0,ref_clarity (EN→EL),referential_clarity,judgment,0.45883146774112366
Opus,c1_safety,0,ref_clarity (EN→EL),spelling_punctuation,procedural,0.0
Opus,c1_safety,0,ref_clarity (EN→EL),terminology,judgment,0.0
Opus,c1_safety,0,ref_clarity (EN→EL),untranslated,judgment,0.0
Opus,c1_safety,0,ref_clarity (EN→ES),abstraction,judgment,0.0
Opus,c1_safety,0,ref_clarity (EN→ES),addition,judgment,0.0
Opus,c1_safety,0,ref_clarity (EN→ES),do_not_translate,procedural,0.0
Opus,c1_safety,0,ref_clarity (EN→ES),fluency,judgment,0.0
Opus,c1_safety,0,ref_clarity (EN→ES),focus,judgment,0.0
Opus,c1_safety,0,ref_clarity (EN→ES),function_words,judgment,0.0
Opus,c1_safety,0,ref_clarity (EN→ES),grammar,procedural,0.0
Opus,c1_safety,0,ref_clarity (EN→ES),locale_conventions,procedural,0.0
Opus,c1_safety,0,ref_clarity (EN→ES),logical_operations,procedural,0.0
Opus,c1_safety,0,ref_clarity (EN→ES),mistranslation,judgment,0.5619514869490165
Opus,c1_safety,0,ref_clarity (EN→ES),omission,judgment,0.0
Opus,c1_safety,0,ref_clarity (EN→ES),redundancy,judgment,0.0
Opus,c1_safety,0,ref_clarity (EN→ES),referential_clarity,judgment,0.3746343246326775
Opus,c1_safety,0,ref_clarity (EN→ES),spelling_punctuation,procedural,0.0
Opus,c1_safety,0,ref_clarity (EN→ES),terminology,judgment,0.0
Opus,c1_safety,0,ref_clarity (EN→ES),untranslated,judgment,0.0
Opus,c1_safety,0,untranslated (EN→ES),abstraction,judgment,0.0
Opus,c1_safety,0,untranslated (EN→ES),addition,judgment,0.0
Opus,c1_safety,0,untranslated (EN→ES),do_not_translate,procedural,0.0
Opus,c1_safety,0,untranslated (EN→ES),fluency,judgment,0.452413928358864
Opus,c1_safety,0,untranslated (EN→ES),focus,judgment,0.0
Opus,c1_safety,0,untranslated (EN→ES),function_words,judgment,0.0
Opus,c1_safety,0,untranslated (EN→ES),grammar,procedural,0.0
Opus,c1_safety,0,untranslated (EN→ES),locale_conventions,procedural,0.0
Opus,c1_safety,0,untranslated (EN→ES),logical_operations,procedural,0.0
Opus,c1_safety,0,untranslated (EN→ES),mistranslation,judgment,0.0
Opus,c1_safety,0,untranslated (EN→ES),omission,judgment,0.0
Opus,c1_safety,0,untranslated (EN→ES),redundancy,judgment,0.0
Opus,c1_safety,0,untranslated (EN→ES),referential_clarity,judgment,0.0
Opus,c1_safety,0,untranslated (EN→ES),spelling_punctuation,procedural,0.0
Opus,c1_safety,0,untranslated (EN→ES),terminology,judgment,0.9459053029269172
Opus,c1_safety,0,untranslated (EN→ES),untranslated,judgment,0.0
Opus,c1_safety,1,abstraction (EN→EL),abstraction,judgment,0.404651319111256
Opus,c1_safety,1,abstraction (EN→EL),addition,judgment,0.0
Opus,c1_safety,1,abstraction (EN→EL),do_not_translate,procedural,0.0
Opus,c1_safety,1,abstraction (EN→EL),fluency,judgment,0.0
Opus,c1_safety,1,abstraction (EN→EL),focus,judgment,0.0
Opus,c1_safety,1,abstraction (EN→EL),function_words,judgment,0.0
Opus,c1_safety,1,abstraction (EN→EL),grammar,procedural,0.0
Opus,c1_safety,1,abstraction (EN→EL),locale_conventions,procedural,0.0
Opus,c1_safety,1,abstraction (EN→EL),logical_operations,procedural,0.0
Opus,c1_safety,1,abstraction (EN→EL),mistranslation,judgment,0.0
Opus,c1_safety,1,abstraction (EN→EL),omission,judgment,0.22941573387056172
Opus,c1_safety,1,abstraction (EN→EL),redundancy,judgment,0.0
Opus,c1_safety,1,abstraction (EN→EL),referential_clarity,judgment,0.0
Opus,c1_safety,1,abstraction (EN→EL),spelling_punctuation,procedural,0.0
Opus,c1_safety,1,abstraction (EN→EL),terminology,judgment,0.0
Opus,c1_safety,1,abstraction (EN→EL),untranslated,judgment,0.0
Opus,c1_safety,1,func_words (EN→ES),abstraction,judgment,0.0
Opus,c1_safety,1,func_words (EN→ES),addition,judgment,0.0
Opus,c1_safety,1,func_words (EN→ES),do_not_translate,procedural,0.0
Opus,c1_safety,1,func_words (EN→ES),fluency,judgment,0.512989176042577
Opus,c1_safety,1,func_words (EN→ES),focus,judgment,0.0
Opus,c1_safety,1,func_words (EN→ES),function_words,judgment,0.45883146774112354
Opus,c1_safety,1,func_words (EN→ES),grammar,procedural,0.0
Opus,c1_safety,1,func_words (EN→ES),locale_conventions,procedural,0.0
Opus,c1_safety,1,func_words (EN→ES),logical_operations,procedural,0.0
Opus,c1_safety,1,func_words (EN→ES),mistranslation,judgment,0.0
Opus,c1_safety,1,func_words (EN→ES),omission,judgment,0.0
Opus,c1_safety,1,func_words (EN→ES),redundancy,judgment,0.0
Opus,c1_safety,1,func_words (EN→ES),referential_clarity,judgment,0.0
Opus,c1_safety,1,func_words (EN→ES),spelling_punctuation,procedural,0.0
Opus,c1_safety,1,func_words (EN→ES),terminology,judgment,0.0
Opus,c1_safety,1,func_words (EN→ES),untranslated,judgment,0.0
Opus,c1_safety,1,grammar (EN→EL),abstraction,judgment,0.0
Opus,c1_safety,1,grammar (EN→EL),addition,judgment,0.0
Opus,c1_safety,1,grammar (EN→EL),do_not_translate,procedural,0.0
Opus,c1_safety,1,grammar (EN→EL),fluency,judgment,0.501459857121279
Opus,c1_safety,1,grammar (EN→EL),focus,judgment,0.0
Opus,c1_safety,1,grammar (EN→EL),function_words,judgment,0.0
Opus,c1_safety,1,grammar (EN→EL),grammar,procedural,0.2294157338705618
Opus,c1_safety,1,grammar (EN→EL),locale_conventions,procedural,0.0
Opus,c1_safety,1,grammar (EN→EL),logical_operations,procedural,0.0
Opus,c1_safety,1,grammar (EN→EL),mistranslation,judgment,1.5217718205053643
Opus,c1_safety,1,grammar (EN→EL),omission,judgment,0.0
Opus,c1_safety,1,grammar (EN→EL),redundancy,judgment,0.0
Opus,c1_safety,1,grammar (EN→EL),referential_clarity,judgment,0.0
Opus,c1_safety,1,grammar (EN→EL),spelling_punctuation,procedural,0.0
Opus,c1_safety,1,grammar (EN→EL),terminology,judgment,0.0
Opus,c1_safety,1,grammar (EN→EL),untranslated,judgment,0.0
Opus,c1_safety,1,locale_conv (EN→EL),abstraction,judgment,0.0
Opus,c1_safety,1,locale_conv (EN→EL),addition,judgment,0.0
Opus,c1_safety,1,locale_conv (EN→EL),do_not_translate,procedural,0.0
Opus,c1_safety,1,locale_conv (EN→EL),fluency,judgment,0.315301767642306
Opus,c1_safety,1,locale_conv (EN→EL),focus,judgment,0.0
Opus,c1_safety,1,locale_conv (EN→EL),function_words,judgment,0.0
Opus,c1_safety,1,locale_conv (EN→EL),grammar,procedural,0.0
Opus,c1_safety,1,locale_conv (EN→EL),locale_conventions,procedural,0.4775669329409192
Opus,c1_safety,1,locale_conv (EN→EL),logical_operations,procedural,0.0
Opus,c1_safety,1,locale_conv (EN→EL),mistranslation,judgment,0.0
Opus,c1_safety,1,locale_conv (EN→EL),omission,judgment,0.0
Opus,c1_safety,1,locale_conv (EN→EL),redundancy,judgment,0.0
Opus,c1_safety,1,locale_conv (EN→EL),referential_clarity,judgment,0.0
Opus,c1_safety,1,locale_conv (EN→EL),spelling_punctuation,procedural,0.31530176764230583
Opus,c1_safety,1,locale_conv (EN→EL),terminology,judgment,0.0
Opus,c1_safety,1,locale_conv (EN→EL),untranslated,judgment,0.0
Opus,c1_safety,1,mistranslation (EN→ES),abstraction,judgment,0.0
Opus,c1_safety,1,mistranslation (EN→ES),addition,judgment,1.3701069237311885
Opus,c1_safety,1,mistranslation (EN→ES),do_not_translate,procedural,0.0
Opus,c1_safety,1,mistranslation (EN→ES),fluency,judgment,0.0
Opus,c1_safety,1,mistranslation (EN→ES),focus,judgment,0.0
Opus,c1_safety,1,mistranslation (EN→ES),function_words,judgment,0.0
Opus,c1_safety,1,mistranslation (EN→ES),grammar,procedural,0.0
Opus,c1_safety,1,mistranslation (EN→ES),locale_conventions,procedural,0.0
Opus,c1_safety,1,mistranslation (EN→ES),logical_operations,procedural,0.0
Opus,c1_safety,1,mistranslation (EN→ES),mistranslation,judgment,1.3485968449808854
Opus,c1_safety,1,mistranslation (EN→ES),omission,judgment,1.1697953037312034
Opus,c1_safety,1,mistranslation (EN→ES),redundancy,judgment,0.0
Opus,c1_safety,1,mistranslation (EN→ES),referential_clarity,judgment,0.0
Opus,c1_safety,1,mistranslation (EN→ES),spelling_punctuation,procedural,0.0
Opus,c1_safety,1,mistranslation (EN→ES),terminology,judgment,0.0
Opus,c1_safety,1,mistranslation (EN→ES),untranslated,judgment,0.0
Opus,c1_safety,1,omission (EN→EL),abstraction,judgment,0.0
Opus,c1_safety,1,omission (EN→EL),addition,judgment,0.0
Opus,c1_safety,1,omission (EN→EL),do_not_translate,procedural,0.0
Opus,c1_safety,1,omission (EN→EL),fluency,judgment,0.3153017676423058
Opus,c1_safety,1,omission (EN→EL),focus,judgment,0.0
Opus,c1_safety,1,omission (EN→EL),function_words,judgment,0.0
Opus,c1_safety,1,omission (EN→EL),grammar,procedural,0.22941573387056172
Opus,c1_safety,1,omission (EN→EL),locale_conventions,procedural,0.0
Opus,c1_safety,1,omission (EN→EL),logical_operations,procedural,0.0
Opus,c1_safety,1,omission (EN→EL),mistranslation,judgment,0.0
Opus,c1_safety,1,omission (EN→EL),omission,judgment,0.4775669329409193
Opus,c1_safety,1,omission (EN→EL),redundancy,judgment,0.0
Opus,c1_safety,1,omission (EN→EL),referential_clarity,judgment,0.0
Opus,c1_safety,1,omission (EN→EL),spelling_punctuation,procedural,0.0
Opus,c1_safety,1,omission (EN→EL),terminology,judgment,0.0
Opus,c1_safety,1,omission (EN→EL),untranslated,judgment,0.0
Opus,c1_safety,1,omission (EN→ES),abstraction,judgment,0.0
Opus,c1_safety,1,omission (EN→ES),addition,judgment,0.0
Opus,c1_safety,1,omission (EN→ES),do_not_translate,procedural,0.0
Opus,c1_safety,1,omission (EN→ES),fluency,judgment,0.0
Opus,c1_safety,1,omission (EN→ES),focus,judgment,0.0
Opus,c1_safety,1,omission (EN→ES),function_words,judgment,0.0
Opus,c1_safety,1,omission (EN→ES),grammar,procedural,0.0
Opus,c1_safety,1,omission (EN→ES),locale_conventions,procedural,0.0
Opus,c1_safety,1,omission (EN→ES),logical_operations,procedural,0.0
Opus,c1_safety,1,omission (EN→ES),mistranslation,judgment,0.0
Opus,c1_safety,1,omission (EN→ES),omission,judgment,0.4775669329409193
Opus,c1_safety,1,omission (EN→ES),redundancy,judgment,0.0
Opus,c1_safety,1,omission (EN→ES),referential_clarity,judgment,0.0
Opus,c1_safety,1,omission (EN→ES),spelling_punctuation,procedural,0.0
Opus,c1_safety,1,omission (EN→ES),terminology,judgment,0.0
Opus,c1_safety,1,omission (EN→ES),untranslated,judgment,0.0
Opus,c1_safety,1,redundancy (EN→ES),abstraction,judgment,0.0
Opus,c1_safety,1,redundancy (EN→ES),addition,judgment,0.9459053029269173
Opus,c1_safety,1,redundancy (EN→ES),do_not_translate,procedural,0.0
Opus,c1_safety,1,redundancy (EN→ES),fluency,judgment,0.41885390829169544
Opus,c1_safety,1,redundancy (EN→ES),focus,judgment,0.0
Opus,c1_safety,1,redundancy (EN→ES),function_words,judgment,0.0
Opus,c1_safety,1,redundancy (EN→ES),grammar,procedural,0.0
Opus,c1_safety,1,redundancy (EN→ES),locale_conventions,procedural,0.0
Opus,c1_safety,1,redundancy (EN→ES),logical_operations,procedural,0.0
Opus,c1_safety,1,redundancy (EN→ES),mistranslation,judgment,0.0
Opus,c1_safety,1,redundancy (EN→ES),omission,judgment,0.0
Opus,c1_safety,1,redundancy (EN→ES),redundancy,judgment,0.5242650104380329
Opus,c1_safety,1,redundancy (EN→ES),referential_clarity,judgment,0.0
Opus,c1_safety,1,redundancy (EN→ES),spelling_punctuation,procedural,0.0
Opus,c1_safety,1,redundancy (EN→ES),terminology,judgment,0.0
Opus,c1_safety,1,redundancy (EN→ES),untranslated,judgment,0.0
Opus,c1_safety,1,ref_clarity (EN→EL),abstraction,judgment,0.0
Opus,c1_safety,1,ref_clarity (EN→EL),addition,judgment,0.0
Opus,c1_safety,1,ref_clarity (EN→EL),do_not_translate,procedural,0.0
Opus,c1_safety,1,ref_clarity (EN→EL),fluency,judgment,0.3746343246326776
Opus,c1_safety,1,ref_clarity (EN→EL),focus,judgment,0.0
Opus,c1_safety,1,ref_clarity (EN→EL),function_words,judgment,0.0
Opus,c1_safety,1,ref_clarity (EN→EL),grammar,procedural,0.0
Opus,c1_safety,1,ref_clarity (EN→EL),locale_conventions,procedural,0.0
Opus,c1_safety,1,ref_clarity (EN→EL),logical_operations,procedural,0.0
Opus,c1_safety,1,ref_clarity (EN→EL),mistranslation,judgment,0.606976978666884
Opus,c1_safety,1,ref_clarity (EN→EL),omission,judgment,0.0
Opus,c1_safety,1,ref_clarity (EN→EL),redundancy,judgment,0.0
Opus,c1_safety,1,ref_clarity (EN→EL),referential_clarity,judgment,0.9015905373704983
Opus,c1_safety,1,ref_clarity (EN→EL),spelling_punctuation,procedural,0.0
Opus,c1_safety,1,ref_clarity (EN→EL),terminology,judgment,0.0
Opus,c1_safety,1,ref_clarity (EN→EL),untranslated,judgment,0.0
Opus,c1_safety,1,ref_clarity (EN→ES),abstraction,judgment,0.0
Opus,c1_safety,1,ref_clarity (EN→ES),addition,judgment,0.0
Opus,c1_safety,1,ref_clarity (EN→ES),do_not_translate,procedural,0.0
Opus,c1_safety,1,ref_clarity (EN→ES),fluency,judgment,0.0
Opus,c1_safety,1,ref_clarity (EN→ES),focus,judgment,0.0
Opus,c1_safety,1,ref_clarity (EN→ES),function_words,judgment,0.0
Opus,c1_safety,1,ref_clarity (EN→ES),grammar,procedural,0.0
Opus,c1_safety,1,ref_clarity (EN→ES),locale_conventions,procedural,0.0
Opus,c1_safety,1,ref_clarity (EN→ES),logical_operations,procedural,0.0
Opus,c1_safety,1,ref_clarity (EN→ES),mistranslation,judgment,0.6117752903214981
Opus,c1_safety,1,ref_clarity (EN→ES),omission,judgment,0.0
Opus,c1_safety,1,ref_clarity (EN→ES),redundancy,judgment,0.0
Opus,c1_safety,1,ref_clarity (EN→ES),referential_clarity,judgment,0.3153017676423058
Opus,c1_safety,1,ref_clarity (EN→ES),spelling_punctuation,procedural,0.0
Opus,c1_safety,1,ref_clarity (EN→ES),terminology,judgment,0.0
Opus,c1_safety,1,ref_clarity (EN→ES),untranslated,judgment,0.0
Opus,c1_safety,1,untranslated (EN→ES),abstraction,judgment,0.0
Opus,c1_safety,1,untranslated (EN→ES),addition,judgment,0.0
Opus,c1_safety,1,untranslated (EN→ES),do_not_translate,procedural,0.0
Opus,c1_safety,1,untranslated (EN→ES),fluency,judgment,0.22941573387056174
Opus,c1_safety,1,untranslated (EN→ES),focus,judgment,0.0
Opus,c1_safety,1,untranslated (EN→ES),function_words,judgment,0.0
Opus,c1_safety,1,untranslated (EN→ES),grammar,procedural,0.0
Opus,c1_safety,1,untranslated (EN→ES),locale_conventions,procedural,0.0
Opus,c1_safety,1,untranslated (EN→ES),logical_operations,procedural,0.0
Opus,c1_safety,1,untranslated (EN→ES),mistranslation,judgment,0.0
Opus,c1_safety,1,untranslated (EN→ES),omission,judgment,0.0
Opus,c1_safety,1,untranslated (EN→ES),redundancy,judgment,0.0
Opus,c1_safety,1,untranslated (EN→ES),referential_clarity,judgment,0.0
Opus,c1_safety,1,untranslated (EN→ES),spelling_punctuation,procedural,0.0
Opus,c1_safety,1,untranslated (EN→ES),terminology,judgment,0.9703197760719181
Opus,c1_safety,1,untranslated (EN→ES),untranslated,judgment,0.22941573387056183
Opus,c2_trust,0,abstraction (EN→EL),abstraction,judgment,0.3940344628262062
Opus,c2_trust,0,abstraction (EN→EL),addition,judgment,0.0
Opus,c2_trust,0,abstraction (EN→EL),do_not_translate,procedural,0.0
Opus,c2_trust,0,abstraction (EN→EL),fluency,judgment,0.0
Opus,c2_trust,0,abstraction (EN→EL),focus,judgment,0.0
Opus,c2_trust,0,abstraction (EN→EL),function_words,judgment,0.0
Opus,c2_trust,0,abstraction (EN→EL),grammar,procedural,0.0
Opus,c2_trust,0,abstraction (EN→EL),locale_conventions,procedural,0.0
Opus,c2_trust,0,abstraction (EN→EL),logical_operations,procedural,0.223606797749979
Opus,c2_trust,0,abstraction (EN→EL),mistranslation,judgment,0.0
Opus,c2_trust,0,abstraction (EN→EL),omission,judgment,0.3077935056255462
Opus,c2_trust,0,abstraction (EN→EL),redundancy,judgment,0.0
Opus,c2_trust,0,abstraction (EN→EL),referential_clarity,judgment,0.0
Opus,c2_trust,0,abstraction (EN→EL),spelling_punctuation,procedural,0.0
Opus,c2_trust,0,abstraction (EN→EL),terminology,judgment,0.0
Opus,c2_trust,0,abstraction (EN→EL),untranslated,judgment,0.0
Opus,c2_trust,0,func_words (EN→ES),abstraction,judgment,0.0
Opus,c2_trust,0,func_words (EN→ES),addition,judgment,0.0
Opus,c2_trust,0,func_words (EN→ES),do_not_translate,procedural,0.0
Opus,c2_trust,0,func_words (EN→ES),fluency,judgment,0.4103913408340616
Opus,c2_trust,0,func_words (EN→ES),focus,judgment,0.0
Opus,c2_trust,0,func_words (EN→ES),function_words,judgment,0.0
Opus,c2_trust,0,func_words (EN→ES),grammar,procedural,0.4701623459816274
Opus,c2_trust,0,func_words (EN→ES),locale_conventions,procedural,0.0
Opus,c2_trust,0,func_words (EN→ES),logical_operations,procedural,0.0
Opus,c2_trust,0,func_words (EN→ES),mistranslation,judgment,0.0
Opus,c2_trust,0,func_words (EN→ES),omission,judgment,0.0
Opus,c2_trust,0,func_words (EN→ES),redundancy,judgment,0.0
Opus,c2_trust,0,func_words (EN→ES),referential_clarity,judgment,0.0
Opus,c2_trust,0,func_words (EN→ES),spelling_punctuation,procedural,0.0
Opus,c2_trust,0,func_words (EN→ES),terminology,judgment,0.0
Opus,c2_trust,0,func_words (EN→ES),untranslated,judgment,0.0
Opus,c2_trust,0,grammar (EN→EL),abstraction,judgment,0.0
Opus,c2_trust,0,grammar (EN→EL),addition,judgment,0.0
Opus,c2_trust,0,grammar (EN→EL),do_not_translate,procedural,0.0
Opus,c2_trust,0,grammar (EN→EL),fluency,judgment,0.760885910252682
Opus,c2_trust,0,grammar (EN→EL),focus,judgment,0.0
Opus,c2_trust,0,grammar (EN→EL),function_words,judgment,0.0
Opus,c2_trust,0,grammar (EN→EL),grammar,procedural,0.36634754853252327
Opus,c2_trust,0,grammar (EN→EL),locale_conventions,procedural,0.0
Opus,c2_trust,0,grammar (EN→EL),logical_operations,procedural,0.0
Opus,c2_trust,0,grammar (EN→EL),mistranslation,judgment,1.2763022245616642
Opus,c2_trust,0,grammar (EN→EL),omission,judgment,0.0
Opus,c2_trust,0,grammar (EN→EL),redundancy,judgment,0.0
Opus,c2_trust,0,grammar (EN→EL),referential_clarity,judgment,0.0
Opus,c2_trust,0,grammar (EN→EL),spelling_punctuation,procedural,0.0
Opus,c2_trust,0,grammar (EN→EL),terminology,judgment,0.0
Opus,c2_trust,0,grammar (EN→EL),untranslated,judgment,0.0
Opus,c2_trust,0,locale_conv (EN→EL),abstraction,judgment,0.0
Opus,c2_trust,0,locale_conv (EN→EL),addition,judgment,0.0
Opus,c2_trust,0,locale_conv (EN→EL),do_not_translate,procedural,0.0
Opus,c2_trust,0,locale_conv (EN→EL),fluency,judgment,0.48936048492959294
Opus,c2_trust,0,locale_conv (EN→EL),focus,judgment,0.0
Opus,c2_trust,0,locale_conv (EN→EL),function_words,judgment,0.0
Opus,c2_trust,0,locale_conv (EN→EL),grammar,procedural,0.0
Opus,c2_trust,0,locale_conv (EN→EL),locale_conventions,procedural,0.30779350562554625
Opus,c2_trust,0,locale_conv (EN→EL),logical_operations,procedural,0.0
Opus,c2_trust,0,locale_conv (EN→EL),mistranslation,judgment,0.0
Opus,c2_trust,0,locale_conv (EN→EL),omission,judgment,0.0
Opus,c2_trust,0,locale_conv (EN→EL),redundancy,judgment,0.0
Opus,c2_trust,0,locale_conv (EN→EL),referential_clarity,judgment,0.0
Opus,c2_trust,0,locale_conv (EN→EL),spelling_punctuation,procedural,0.30779350562554636
Opus,c2_trust,0,locale_conv (EN→EL),terminology,judgment,0.0
Opus,c2_trust,0,locale_conv (EN→EL),untranslated,judgment,0.0
Opus,c2_trust,0,mistranslation (EN→ES),abstraction,judgment,0.0
Opus,c2_trust,0,mistranslation (EN→ES),addition,judgment,1.3572417850765925
Opus,c2_trust,0,mistranslation (EN→ES),do_not_translate,procedural,0.0
Opus,c2_trust,0,mistranslation (EN→ES),fluency,judgment,0.4103913408340615
Opus,c2_trust,0,mistranslation (EN→ES),focus,judgment,0.0
Opus,c2_trust,0,mistranslation (EN→ES),function_words,judgment,0.0
Opus,c2_trust,0,mistranslation (EN→ES),grammar,procedural,0.0
Opus,c2_trust,0,mistranslation (EN→ES),locale_conventions,procedural,0.0
Opus,c2_trust,0,mistranslation (EN→ES),logical_operations,procedural,0.0
Opus,c2_trust,0,mistranslation (EN→ES),mistranslation,judgment,1.3088765773505315
Opus,c2_trust,0,mistranslation (EN→ES),omission,judgment,1.4244112357114613
Opus,c2_trust,0,mistranslation (EN→ES),redundancy,judgment,0.0
Opus,c2_trust,0,mistranslation (EN→ES),referential_clarity,judgment,0.0
Opus,c2_trust,0,mistranslation (EN→ES),spelling_punctuation,procedural,0.0
Opus,c2_trust,0,mistranslation (EN→ES),terminology,judgment,0.0
Opus,c2_trust,0,mistranslation (EN→ES),untranslated,judgment,0.0
Opus,c2_trust,0,omission (EN→EL),abstraction,judgment,0.0
Opus,c2_trust,0,omission (EN→EL),addition,judgment,0.0
Opus,c2_trust,0,omission (EN→EL),do_not_translate,procedural,0.0
Opus,c2_trust,0,omission (EN→EL),fluency,judgment,1.020835571068081
Opus,c2_trust,0,omission (EN→EL),focus,judgment,0.0
Opus,c2_trust,0,omission (EN→EL),function_words,judgment,0.0
Opus,c2_trust,0,omission (EN→EL),grammar,procedural,0.44721359549995787
Opus,c2_trust,0,omission (EN→EL),locale_conventions,procedural,0.0
Opus,c2_trust,0,omission (EN→EL),logical_operations,procedural,0.0
Opus,c2_trust,0,omission (EN→EL),mistranslation,judgment,0.0
Opus,c2_trust,0,omission (EN→EL),omission,judgment,0.4442616583193192
Opus,c2_trust,0,omission (EN→EL),redundancy,judgment,0.0
Opus,c2_trust,0,omission (EN→EL),referential_clarity,judgment,0.0
Opus,c2_trust,0,omission (EN→EL),spelling_punctuation,procedural,0.3077935056255462
Opus,c2_trust,0,omission (EN→EL),terminology,judgment,0.0
Opus,c2_trust,0,omission (EN→EL),untranslated,judgment,0.0
Opus,c2_trust,0,omission (EN→ES),abstraction,judgment,0.0
Opus,c2_trust,0,omission (EN→ES),addition,judgment,0.0
Opus,c2_trust,0,omission (EN→ES),do_not_translate,procedural,0.0
Opus,c2_trust,0,omission (EN→ES),fluency,judgment,0.0
Opus,c2_trust,0,omission (EN→ES),focus,judgment,0.0
Opus,c2_trust,0,omission (EN→ES),function_words,judgment,0.0
Opus,c2_trust,0,omission (EN→ES),grammar,procedural,0.0
Opus,c2_trust,0,omission (EN→ES),locale_conventions,procedural,0.0
Opus,c2_trust,0,omission (EN→ES),logical_operations,procedural,0.0
Opus,c2_trust,0,omission (EN→ES),mistranslation,judgment,0.0
Opus,c2_trust,0,omission (EN→ES),omission,judgment,0.4442616583193192
Opus,c2_trust,0,omission (EN→ES),redundancy,judgment,0.0
Opus,c2_trust,0,omission (EN→ES),referential_clarity,judgment,0.0
Opus,c2_trust,0,omission (EN→ES),spelling_punctuation,procedural,0.0
Opus,c2_trust,0,omission (EN→ES),terminology,judgment,0.0
Opus,c2_trust,0,omission (EN→ES),untranslated,judgment,0.0
Opus,c2_trust,0,redundancy (EN→ES),abstraction,judgment,0.0
Opus,c2_trust,0,redundancy (EN→ES),addition,judgment,0.7326950970650467
Opus,c2_trust,0,redundancy (EN→ES),do_not_translate,procedural,0.0
Opus,c2_trust,0,redundancy (EN→ES),fluency,judgment,0.6069769786668839
Opus,c2_trust,0,redundancy (EN→ES),focus,judgment,0.0
Opus,c2_trust,0,redundancy (EN→ES),function_words,judgment,0.0
Opus,c2_trust,0,redundancy (EN→ES),grammar,procedural,0.0
Opus,c2_trust,0,redundancy (EN→ES),locale_conventions,procedural,0.0
Opus,c2_trust,0,redundancy (EN→ES),logical_operations,procedural,0.0
Opus,c2_trust,0,redundancy (EN→ES),mistranslation,judgment,0.0
Opus,c2_trust,0,redundancy (EN→ES),omission,judgment,0.0
Opus,c2_trust,0,redundancy (EN→ES),redundancy,judgment,0.3663475485325232
Opus,c2_trust,0,redundancy (EN→ES),referential_clarity,judgment,0.0
Opus,c2_trust,0,redundancy (EN→ES),spelling_punctuation,procedural,0.0
Opus,c2_trust,0,redundancy (EN→ES),terminology,judgment,0.0
Opus,c2_trust,0,redundancy (EN→ES),untranslated,judgment,0.0
Opus,c2_trust,0,ref_clarity (EN→EL),abstraction,judgment,0.0
Opus,c2_trust,0,ref_clarity (EN→EL),addition,judgment,0.0
Opus,c2_trust,0,ref_clarity (EN→EL),do_not_translate,procedural,0.0
Opus,c2_trust,0,ref_clarity (EN→EL),fluency,judgment,0.0
Opus,c2_trust,0,ref_clarity (EN→EL),focus,judgment,0.0
Opus,c2_trust,0,ref_clarity (EN→EL),function_words,judgment,0.0
Opus,c2_trust,0,ref_clarity (EN→EL),grammar,procedural,0.0
Opus,c2_trust,0,ref_clarity (EN→EL),locale_conventions,procedural,0.0
Opus,c2_trust,0,ref_clarity (EN→EL),logical_operations,procedural,0.0
Opus,c2_trust,0,ref_clarity (EN→EL),mistranslation,judgment,0.4442616583193192
Opus,c2_trust,0,ref_clarity (EN→EL),omission,judgment,0.0
Opus,c2_trust,0,ref_clarity (EN→EL),redundancy,judgment,0.0
Opus,c2_trust,0,ref_clarity (EN→EL),referential_clarity,judgment,0.9880869341680842
Opus,c2_trust,0,ref_clarity (EN→EL),spelling_punctuation,procedural,0.0
Opus,c2_trust,0,ref_clarity (EN→EL),terminology,judgment,0.0
Opus,c2_trust,0,ref_clarity (EN→EL),untranslated,judgment,0.0
Opus,c2_trust,0,ref_clarity (EN→ES),abstraction,judgment,0.0
Opus,c2_trust,0,ref_clarity (EN→ES),addition,judgment,0.0
Opus,c2_trust,0,ref_clarity (EN→ES),do_not_translate,procedural,0.0
Opus,c2_trust,0,ref_clarity (EN→ES),fluency,judgment,0.0
Opus,c2_trust,0,ref_clarity (EN→ES),focus,judgment,0.0
Opus,c2_trust,0,ref_clarity (EN→ES),function_words,judgment,0.0
Opus,c2_trust,0,ref_clarity (EN→ES),grammar,procedural,0.0
Opus,c2_trust,0,ref_clarity (EN→ES),locale_conventions,procedural,0.0
Opus,c2_trust,0,ref_clarity (EN→ES),logical_operations,procedural,0.0
Opus,c2_trust,0,ref_clarity (EN→ES),mistranslation,judgment,0.5501196042201808
Opus,c2_trust,0,ref_clarity (EN→ES),omission,judgment,0.0
Opus,c2_trust,0,ref_clarity (EN→ES),redundancy,judgment,0.0
Opus,c2_trust,0,ref_clarity (EN→ES),referential_clarity,judgment,0.36634754853252327
Opus,c2_trust,0,ref_clarity (EN→ES),spelling_punctuation,procedural,0.0
Opus,c2_trust,0,ref_clarity (EN→ES),terminology,judgment,0.0
Opus,c2_trust,0,ref_clarity (EN→ES),untranslated,judgment,0.0
Opus,c2_trust,0,untranslated (EN→ES),abstraction,judgment,0.0
Opus,c2_trust,0,untranslated (EN→ES),addition,judgment,0.0
Opus,c2_trust,0,untranslated (EN→ES),do_not_translate,procedural,0.0
Opus,c2_trust,0,untranslated (EN→ES),fluency,judgment,0.6882472016116853
Opus,c2_trust,0,untranslated (EN→ES),focus,judgment,0.0
Opus,c2_trust,0,untranslated (EN→ES),function_words,judgment,0.0
Opus,c2_trust,0,untranslated (EN→ES),grammar,procedural,0.0
Opus,c2_trust,0,untranslated (EN→ES),locale_conventions,procedural,0.0
Opus,c2_trust,0,untranslated (EN→ES),logical_operations,procedural,0.0
Opus,c2_trust,0,untranslated (EN→ES),mistranslation,judgment,0.0
Opus,c2_trust,0,untranslated (EN→ES),omission,judgment,0.0
Opus,c2_trust,0,untranslated (EN→ES),redundancy,judgment,0.0
Opus,c2_trust,0,untranslated (EN→ES),referential_clarity,judgment,0.0
Opus,c2_trust,0,untranslated (EN→ES),spelling_punctuation,procedural,0.0
Opus,c2_trust,0,untranslated (EN→ES),terminology,judgment,0.9880869341680842
Opus,c2_trust,0,untranslated (EN→ES),untranslated,judgment,0.0
Opus,c2_trust,1,abstraction (EN→EL),abstraction,judgment,0.3244428422615251
Opus,c2_trust,1,abstraction (EN→EL),addition,judgment,0.0
Opus,c2_trust,1,abstraction (EN→EL),do_not_translate,procedural,0.0
Opus,c2_trust,1,abstraction (EN→EL),fluency,judgment,0.0
Opus,c2_trust,1,abstraction (EN→EL),focus,judgment,0.0
Opus,c2_trust,1,abstraction (EN→EL),function_words,judgment,0.0
Opus,c2_trust,1,abstraction (EN→EL),grammar,procedural,0.0
Opus,c2_trust,1,abstraction (EN→EL),locale_conventions,procedural,0.0
Opus,c2_trust,1,abstraction (EN→EL),logical_operations,procedural,0.0
Opus,c2_trust,1,abstraction (EN→EL),mistranslation,judgment,0.0
Opus,c2_trust,1,abstraction (EN→EL),omission,judgment,0.22360679774997896
Opus,c2_trust,1,abstraction (EN→EL),redundancy,judgment,0.0
Opus,c2_trust,1,abstraction (EN→EL),referential_clarity,judgment,0.0
Opus,c2_trust,1,abstraction (EN→EL),spelling_punctuation,procedural,0.0
Opus,c2_trust,1,abstraction (EN→EL),terminology,judgment,0.0
Opus,c2_trust,1,abstraction (EN→EL),untranslated,judgment,0.0
Opus,c2_trust,1,func_words (EN→ES),abstraction,judgment,0.0
Opus,c2_trust,1,func_words (EN→ES),addition,judgment,0.0
Opus,c2_trust,1,func_words (EN→ES),do_not_translate,procedural,0.0
Opus,c2_trust,1,func_words (EN→ES),fluency,judgment,0.4103913408340617
Opus,c2_trust,1,func_words (EN→ES),focus,judgment,0.0
Opus,c2_trust,1,func_words (EN→ES),function_words,judgment,0.41039134083406165
Opus,c2_trust,1,func_words (EN→ES),grammar,procedural,0.489360484929593
Opus,c2_trust,1,func_words (EN→ES),locale_conventions,procedural,0.0
Opus,c2_trust,1,func_words (EN→ES),logical_operations,procedural,0.0
Opus,c2_trust,1,func_words (EN→ES),mistranslation,judgment,0.0
Opus,c2_trust,1,func_words (EN→ES),omission,judgment,0.0
Opus,c2_trust,1,func_words (EN→ES),redundancy,judgment,0.0
Opus,c2_trust,1,func_words (EN→ES),referential_clarity,judgment,0.0
Opus,c2_trust,1,func_words (EN→ES),spelling_punctuation,procedural,0.0
Opus,c2_trust,1,func_words (EN→ES),terminology,judgment,0.0
Opus,c2_trust,1,func_words (EN→ES),untranslated,judgment,0.0
Opus,c2_trust,1,grammar (EN→EL),abstraction,judgment,0.0
Opus,c2_trust,1,grammar (EN→EL),addition,judgment,0.0
Opus,c2_trust,1,grammar (EN→EL),do_not_translate,procedural,0.0
Opus,c2_trust,1,grammar (EN→EL),fluency,judgment,0.7591546545162482
Opus,c2_trust,1,grammar (EN→EL),focus,judgment,0.0
Opus,c2_trust,1,grammar (EN→EL),function_words,judgment,0.0
Opus,c2_trust,1,grammar (EN→EL),grammar,procedural,0.3940344628262062
Opus,c2_trust,1,grammar (EN→EL),locale_conventions,procedural,0.0
Opus,c2_trust,1,grammar (EN→EL),logical_operations,procedural,0.0
Opus,c2_trust,1,grammar (EN→EL),mistranslation,judgment,1.394538218230416
Opus,c2_trust,1,grammar (EN→EL),omission,judgment,0.0
Opus,c2_trust,1,grammar (EN→EL),redundancy,judgment,0.0
Opus,c2_trust,1,grammar (EN→EL),referential_clarity,judgment,0.0
Opus,c2_trust,1,grammar (EN→EL),spelling_punctuation,procedural,0.0
Opus,c2_trust,1,grammar (EN→EL),terminology,judgment,0.0
Opus,c2_trust,1,grammar (EN→EL),untranslated,judgment,0.0
Opus,c2_trust,1,locale_conv (EN→EL),abstraction,judgment,0.0
Opus,c2_trust,1,locale_conv (EN→EL),addition,judgment,0.0
Opus,c2_trust,1,locale_conv (EN→EL),do_not_translate,procedural,0.0
Opus,c2_trust,1,locale_conv (EN→EL),fluency,judgment,0.5104177855340405
Opus,c2_trust,1,locale_conv (EN→EL),focus,judgment,0.0
Opus,c2_trust,1,locale_conv (EN→EL),function_words,judgment,0.0
Opus,c2_trust,1,locale_conv (EN→EL),grammar,procedural,0.0
Opus,c2_trust,1,locale_conv (EN→EL),locale_conventions,procedural,0.4893604849295929
Opus,c2_trust,1,locale_conv (EN→EL),logical_operations,procedural,0.0
Opus,c2_trust,1,locale_conv (EN→EL),mistranslation,judgment,0.0
Opus,c2_trust,1,locale_conv (EN→EL),omission,judgment,0.0
Opus,c2_trust,1,locale_conv (EN→EL),redundancy,judgment,0.0
Opus,c2_trust,1,locale_conv (EN→EL),referential_clarity,judgment,0.0
Opus,c2_trust,1,locale_conv (EN→EL),spelling_punctuation,procedural,0.4103913408340617
Opus,c2_trust,1,locale_conv (EN→EL),terminology,judgment,0.0
Opus,c2_trust,1,locale_conv (EN→EL),untranslated,judgment,0.0
Opus,c2_trust,1,mistranslation (EN→ES),abstraction,judgment,0.0
Opus,c2_trust,1,mistranslation (EN→ES),addition,judgment,1.190974832912761
Opus,c2_trust,1,mistranslation (EN→ES),do_not_translate,procedural,0.0
Opus,c2_trust,1,mistranslation (EN→ES),fluency,judgment,0.30779350562554625
Opus,c2_trust,1,mistranslation (EN→ES),focus,judgment,0.0
Opus,c2_trust,1,mistranslation (EN→ES),function_words,judgment,0.0
Opus,c2_trust,1,mistranslation (EN→ES),grammar,procedural,0.0
Opus,c2_trust,1,mistranslation (EN→ES),locale_conventions,procedural,0.0
Opus,c2_trust,1,mistranslation (EN→ES),logical_operations,procedural,0.22360679774997894
Opus,c2_trust,1,mistranslation (EN→ES),mistranslation,judgment,0.9947229183096801
Opus,c2_trust,1,mistranslation (EN→ES),omission,judgment,0.9333020044867294
Opus,c2_trust,1,mistranslation (EN→ES),redundancy,judgment,0.0
Opus,c2_trust,1,mistranslation (EN→ES),referential_clarity,judgment,0.0
Opus,c2_trust,1,mistranslation (EN→ES),spelling_punctuation,procedural,0.0
Opus,c2_trust,1,mistranslation (EN→ES),terminology,judgment,0.2236067977499789
Opus,c2_trust,1,mistranslation (EN→ES),untranslated,judgment,0.0
Opus,c2_trust,1,omission (EN→EL),abstraction,judgment,0.0
Opus,c2_trust,1,omission (EN→EL),addition,judgment,0.0
Opus,c2_trust,1,omission (EN→EL),do_not_translate,procedural,0.0
Opus,c2_trust,1,omission (EN→EL),fluency,judgment,0.5501196042201811
Opus,c2_trust,1,omission (EN→EL),focus,judgment,0.0
Opus,c2_trust,1,omission (EN→EL),function_words,judgment,0.0
Opus,c2_trust,1,omission (EN→EL),grammar,procedural,0.4893604849295929
Opus,c2_trust,1,omission (EN→EL),locale_conventions,procedural,0.0
Opus,c2_trust,1,omission (EN→EL),logical_operations,procedural,0.0
Opus,c2_trust,1,omission (EN→EL),mistranslation,judgment,0.0
Opus,c2_trust,1,omission (EN→EL),omission,judgment,0.3077935056255463
Opus,c2_trust,1,omission (EN→EL),redundancy,judgment,0.0
Opus,c2_trust,1,omission (EN→EL),referential_clarity,judgment,0.0
Opus,c2_trust,1,omission (EN→EL),spelling_punctuation,procedural,0.3663475485325236
Opus,c2_trust,1,omission (EN→EL),terminology,judgment,0.0
Opus,c2_trust,1,omission (EN→EL),untranslated,judgment,0.0
Opus,c2_trust,1,omission (EN→ES),abstraction,judgment,0.0
Opus,c2_trust,1,omission (EN→ES),addition,judgment,0.0
Opus,c2_trust,1,omission (EN→ES),do_not_translate,procedural,0.0
Opus,c2_trust,1,omission (EN→ES),fluency,judgment,0.0
Opus,c2_trust,1,omission (EN→ES),focus,judgment,0.0
Opus,c2_trust,1,omission (EN→ES),function_words,judgment,0.0
Opus,c2_trust,1,omission (EN→ES),grammar,procedural,0.0
Opus,c2_trust,1,omission (EN→ES),locale_conventions,procedural,0.0
Opus,c2_trust,1,omission (EN→ES),logical_operations,procedural,0.0
Opus,c2_trust,1,omission (EN→ES),mistranslation,judgment,0.0
Opus,c2_trust,1,omission (EN→ES),omission,judgment,0.3077935056255463
Opus,c2_trust,1,omission (EN→ES),redundancy,judgment,0.0
Opus,c2_trust,1,omission (EN→ES),referential_clarity,judgment,0.0
Opus,c2_trust,1,omission (EN→ES),spelling_punctuation,procedural,0.0
Opus,c2_trust,1,omission (EN→ES),terminology,judgment,0.0
Opus,c2_trust,1,omission (EN→ES),untranslated,judgment,0.0
Opus,c2_trust,1,redundancy (EN→ES),abstraction,judgment,0.0
Opus,c2_trust,1,redundancy (EN→ES),addition,judgment,1.2258187382102497
Opus,c2_trust,1,redundancy (EN→ES),do_not_translate,procedural,0.0
Opus,c2_trust,1,redundancy (EN→ES),fluency,judgment,0.47016234598162737
Opus,c2_trust,1,redundancy (EN→ES),focus,judgment,0.0
Opus,c2_trust,1,redundancy (EN→ES),function_words,judgment,0.0
Opus,c2_trust,1,redundancy (EN→ES),grammar,procedural,0.0
Opus,c2_trust,1,redundancy (EN→ES),locale_conventions,procedural,0.0
Opus,c2_trust,1,redundancy (EN→ES),logical_operations,procedural,0.0
Opus,c2_trust,1,redundancy (EN→ES),mistranslation,judgment,0.0
Opus,c2_trust,1,redundancy (EN→ES),omission,judgment,0.0
Opus,c2_trust,1,redundancy (EN→ES),redundancy,judgment,0.32444284226152503
Opus,c2_trust,1,redundancy (EN→ES),referential_clarity,judgment,0.0
Opus,c2_trust,1,redundancy (EN→ES),spelling_punctuation,procedural,0.0
Opus,c2_trust,1,redundancy (EN→ES),terminology,judgment,0.0
Opus,c2_trust,1,redundancy (EN→ES),untranslated,judgment,0.0
Opus,c2_trust,1,ref_clarity (EN→EL),abstraction,judgment,0.0
Opus,c2_trust,1,ref_clarity (EN→EL),addition,judgment,0.0
Opus,c2_trust,1,ref_clarity (EN→EL),do_not_translate,procedural,0.0
Opus,c2_trust,1,ref_clarity (EN→EL),fluency,judgment,0.47016234598162726
Opus,c2_trust,1,ref_clarity (EN→EL),focus,judgment,0.0
Opus,c2_trust,1,ref_clarity (EN→EL),function_words,judgment,0.0
Opus,c2_trust,1,ref_clarity (EN→EL),grammar,procedural,0.0
Opus,c2_trust,1,ref_clarity (EN→EL),locale_conventions,procedural,0.0
Opus,c2_trust,1,ref_clarity (EN→EL),logical_operations,procedural,0.0
Opus,c2_trust,1,ref_clarity (EN→EL),mistranslation,judgment,0.4701623459816272
Opus,c2_trust,1,ref_clarity (EN→EL),omission,judgment,0.0
Opus,c2_trust,1,ref_clarity (EN→EL),redundancy,judgment,0.0
Opus,c2_trust,1,ref_clarity (EN→EL),referential_clarity,judgment,0.9333020044867297
Opus,c2_trust,1,ref_clarity (EN→EL),spelling_punctuation,procedural,0.0
Opus,c2_trust,1,ref_clarity (EN→EL),terminology,judgment,0.0
Opus,c2_trust,1,ref_clarity (EN→EL),untranslated,judgment,0.0
Opus,c2_trust,1,ref_clarity (EN→ES),abstraction,judgment,0.0
Opus,c2_trust,1,ref_clarity (EN→ES),addition,judgment,0.0
Opus,c2_trust,1,ref_clarity (EN→ES),do_not_translate,procedural,0.0
Opus,c2_trust,1,ref_clarity (EN→ES),fluency,judgment,0.0
Opus,c2_trust,1,ref_clarity (EN→ES),focus,judgment,0.0
Opus,c2_trust,1,ref_clarity (EN→ES),function_words,judgment,0.0
Opus,c2_trust,1,ref_clarity (EN→ES),grammar,procedural,0.0
Opus,c2_trust,1,ref_clarity (EN→ES),locale_conventions,procedural,0.0
Opus,c2_trust,1,ref_clarity (EN→ES),logical_operations,procedural,0.0
Opus,c2_trust,1,ref_clarity (EN→ES),mistranslation,judgment,0.4442616583193192
Opus,c2_trust,1,ref_clarity (EN→ES),omission,judgment,0.0
Opus,c2_trust,1,ref_clarity (EN→ES),redundancy,judgment,0.0
Opus,c2_trust,1,ref_clarity (EN→ES),referential_clarity,judgment,0.6863327411532598
Opus,c2_trust,1,ref_clarity (EN→ES),spelling_punctuation,procedural,0.0
Opus,c2_trust,1,ref_clarity (EN→ES),terminology,judgment,0.0
Opus,c2_trust,1,ref_clarity (EN→ES),untranslated,judgment,0.0
Opus,c2_trust,1,untranslated (EN→ES),abstraction,judgment,0.0
Opus,c2_trust,1,untranslated (EN→ES),addition,judgment,0.0
Opus,c2_trust,1,untranslated (EN→ES),do_not_translate,procedural,0.0
Opus,c2_trust,1,untranslated (EN→ES),fluency,judgment,0.5712405705774795
Opus,c2_trust,1,untranslated (EN→ES),focus,judgment,0.0
Opus,c2_trust,1,untranslated (EN→ES),function_words,judgment,0.0
Opus,c2_trust,1,untranslated (EN→ES),grammar,procedural,0.0
Opus,c2_trust,1,untranslated (EN→ES),locale_conventions,procedural,0.0
Opus,c2_trust,1,untranslated (EN→ES),logical_operations,procedural,0.0
Opus,c2_trust,1,untranslated (EN→ES),mistranslation,judgment,0.0
Opus,c2_trust,1,untranslated (EN→ES),omission,judgment,0.0
Opus,c2_trust,1,untranslated (EN→ES),redundancy,judgment,0.0
Opus,c2_trust,1,untranslated (EN→ES),referential_clarity,judgment,0.0
Opus,c2_trust,1,untranslated (EN→ES),spelling_punctuation,procedural,0.30779350562554625
Opus,c2_trust,1,untranslated (EN→ES),terminology,judgment,0.9679060415469871
Opus,c2_trust,1,untranslated (EN→ES),untranslated,judgment,0.0
Opus,c3_authorship,0,abstraction (EN→EL),abstraction,judgment,0.3153017676423058
Opus,c3_authorship,0,abstraction (EN→EL),addition,judgment,0.0
Opus,c3_authorship,0,abstraction (EN→EL),do_not_translate,procedural,0.0
Opus,c3_authorship,0,abstraction (EN→EL),fluency,judgment,0.0
Opus,c3_authorship,0,abstraction (EN→EL),focus,judgment,0.0
Opus,c3_authorship,0,abstraction (EN→EL),function_words,judgment,0.0
Opus,c3_authorship,0,abstraction (EN→EL),grammar,procedural,0.0
Opus,c3_authorship,0,abstraction (EN→EL),locale_conventions,procedural,0.0
Opus,c3_authorship,0,abstraction (EN→EL),logical_operations,procedural,0.0
Opus,c3_authorship,0,abstraction (EN→EL),mistranslation,judgment,0.0
Opus,c3_authorship,0,abstraction (EN→EL),omission,judgment,0.452413928358864
Opus,c3_authorship,0,abstraction (EN→EL),redundancy,judgment,0.0
Opus,c3_authorship,0,abstraction (EN→EL),referential_clarity,judgment,0.0
Opus,c3_authorship,0,abstraction (EN→EL),spelling_punctuation,procedural,0.0
Opus,c3_authorship,0,abstraction (EN→EL),terminology,judgment,0.0
Opus,c3_authorship,0,abstraction (EN→EL),untranslated,judgment,0.0
Opus,c3_authorship,0,func_words (EN→ES),abstraction,judgment,0.0
Opus,c3_authorship,0,func_words (EN→ES),addition,judgment,0.0
Opus,c3_authorship,0,func_words (EN→ES),do_not_translate,procedural,0.0
Opus,c3_authorship,0,func_words (EN→ES),fluency,judgment,0.5072572735017882
Opus,c3_authorship,0,func_words (EN→ES),focus,judgment,0.0
Opus,c3_authorship,0,func_words (EN→ES),function_words,judgment,0.404651319111256
Opus,c3_authorship,0,func_words (EN→ES),grammar,procedural,0.5619514869490164
Opus,c3_authorship,0,func_words (EN→ES),locale_conventions,procedural,0.0
Opus,c3_authorship,0,func_words (EN→ES),logical_operations,procedural,0.0
Opus,c3_authorship,0,func_words (EN→ES),mistranslation,judgment,0.0
Opus,c3_authorship,0,func_words (EN→ES),omission,judgment,0.0
Opus,c3_authorship,0,func_words (EN→ES),redundancy,judgment,0.0
Opus,c3_authorship,0,func_words (EN→ES),referential_clarity,judgment,0.0
Opus,c3_authorship,0,func_words (EN→ES),spelling_punctuation,procedural,0.0
Opus,c3_authorship,0,func_words (EN→ES),terminology,judgment,0.0
Opus,c3_authorship,0,func_words (EN→ES),untranslated,judgment,0.0
Opus,c3_authorship,0,grammar (EN→EL),abstraction,judgment,0.0
Opus,c3_authorship,0,grammar (EN→EL),addition,judgment,0.0
Opus,c3_authorship,0,grammar (EN→EL),do_not_translate,procedural,0.0
Opus,c3_authorship,0,grammar (EN→EL),fluency,judgment,0.2294157338705617
Opus,c3_authorship,0,grammar (EN→EL),focus,judgment,0.0
Opus,c3_authorship,0,grammar (EN→EL),function_words,judgment,0.0
Opus,c3_authorship,0,grammar (EN→EL),grammar,procedural,0.9703197760719181
Opus,c3_authorship,0,grammar (EN→EL),locale_conventions,procedural,0.0
Opus,c3_authorship,0,grammar (EN→EL),logical_operations,procedural,0.0
Opus,c3_authorship,0,grammar (EN→EL),mistranslation,judgment,1.3933845369589322
Opus,c3_authorship,0,grammar (EN→EL),omission,judgment,0.0
Opus,c3_authorship,0,grammar (EN→EL),redundancy,judgment,0.0
Opus,c3_authorship,0,grammar (EN→EL),referential_clarity,judgment,0.0
Opus,c3_authorship,0,grammar (EN→EL),spelling_punctuation,procedural,0.0
Opus,c3_authorship,0,grammar (EN→EL),terminology,judgment,0.0
Opus,c3_authorship,0,grammar (EN→EL),untranslated,judgment,0.0
Opus,c3_authorship,0,locale_conv (EN→EL),abstraction,judgment,0.0
Opus,c3_authorship,0,locale_conv (EN→EL),addition,judgment,0.0
Opus,c3_authorship,0,locale_conv (EN→EL),do_not_translate,procedural,0.0
Opus,c3_authorship,0,locale_conv (EN→EL),fluency,judgment,0.3153017676423058
Opus,c3_authorship,0,locale_conv (EN→EL),focus,judgment,0.0
Opus,c3_authorship,0,locale_conv (EN→EL),function_words,judgment,0.0
Opus,c3_authorship,0,locale_conv (EN→EL),grammar,procedural,0.0
Opus,c3_authorship,0,locale_conv (EN→EL),locale_conventions,procedural,0.4714045207910318
Opus,c3_authorship,0,locale_conv (EN→EL),logical_operations,procedural,0.0
Opus,c3_authorship,0,locale_conv (EN→EL),mistranslation,judgment,0.0
Opus,c3_authorship,0,locale_conv (EN→EL),omission,judgment,0.0
Opus,c3_authorship,0,locale_conv (EN→EL),redundancy,judgment,0.0
Opus,c3_authorship,0,locale_conv (EN→EL),referential_clarity,judgment,0.0
Opus,c3_authorship,0,locale_conv (EN→EL),spelling_punctuation,procedural,0.3153017676423058
Opus,c3_authorship,0,locale_conv (EN→EL),terminology,judgment,0.0
Opus,c3_authorship,0,locale_conv (EN→EL),untranslated,judgment,0.0
Opus,c3_authorship,0,mistranslation (EN→ES),abstraction,judgment,0.0
Opus,c3_authorship,0,mistranslation (EN→ES),addition,judgment,1.3333333333333333
Opus,c3_authorship,0,mistranslation (EN→ES),do_not_translate,procedural,0.0
Opus,c3_authorship,0,mistranslation (EN→ES),fluency,judgment,0.22941573387056174
Opus,c3_authorship,0,mistranslation (EN→ES),focus,judgment,0.0
Opus,c3_authorship,0,mistranslation (EN→ES),function_words,judgment,0.0
Opus,c3_authorship,0,mistranslation (EN→ES),grammar,procedural,0.0
Opus,c3_authorship,0,mistranslation (EN→ES),locale_conventions,procedural,0.0
Opus,c3_authorship,0,mistranslation (EN→ES),logical_operations,procedural,0.0
Opus,c3_authorship,0,mistranslation (EN→ES),mistranslation,judgment,1.2495613265350083
Opus,c3_authorship,0,mistranslation (EN→ES),omission,judgment,1.2401659953032227
Opus,c3_authorship,0,mistranslation (EN→ES),redundancy,judgment,0.0
Opus,c3_authorship,0,mistranslation (EN→ES),referential_clarity,judgment,0.0
Opus,c3_authorship,0,mistranslation (EN→ES),spelling_punctuation,procedural,0.0
Opus,c3_authorship,0,mistranslation (EN→ES),terminology,judgment,0.0
Opus,c3_authorship,0,mistranslation (EN→ES),untranslated,judgment,0.0
Opus,c3_authorship,0,omission (EN→EL),abstraction,judgment,0.0
Opus,c3_authorship,0,omission (EN→EL),addition,judgment,0.0
Opus,c3_authorship,0,omission (EN→EL),do_not_translate,procedural,0.0
Opus,c3_authorship,0,omission (EN→EL),fluency,judgment,0.5353033790313106
Opus,c3_authorship,0,omission (EN→EL),focus,judgment,0.0
Opus,c3_authorship,0,omission (EN→EL),function_words,judgment,0.0
Opus,c3_authorship,0,omission (EN→EL),grammar,procedural,0.0
Opus,c3_authorship,0,omission (EN→EL),locale_conventions,procedural,0.0
Opus,c3_authorship,0,omission (EN→EL),logical_operations,procedural,0.0
Opus,c3_authorship,0,omission (EN→EL),mistranslation,judgment,0.0
Opus,c3_authorship,0,omission (EN→EL),omission,judgment,0.22941573387056174
Opus,c3_authorship,0,omission (EN→EL),redundancy,judgment,0.0
Opus,c3_authorship,0,omission (EN→EL),referential_clarity,judgment,0.0
Opus,c3_authorship,0,omission (EN→EL),spelling_punctuation,procedural,0.37463432463267765
Opus,c3_authorship,0,omission (EN→EL),terminology,judgment,0.0
Opus,c3_authorship,0,omission (EN→EL),untranslated,judgment,0.0
Opus,c3_authorship,0,omission (EN→ES),abstraction,judgment,0.0
Opus,c3_authorship,0,omission (EN→ES),addition,judgment,0.0
Opus,c3_authorship,0,omission (EN→ES),do_not_translate,procedural,0.0
Opus,c3_authorship,0,omission (EN→ES),fluency,judgment,0.0
Opus,c3_authorship,0,omission (EN→ES),focus,judgment,0.0
Opus,c3_authorship,0,omission (EN→ES),function_words,judgment,0.0
Opus,c3_authorship,0,omission (EN→ES),grammar,procedural,0.0
Opus,c3_authorship,0,omission (EN→ES),locale_conventions,procedural,0.0
Opus,c3_authorship,0,omission (EN→ES),logical_operations,procedural,0.0
Opus,c3_authorship,0,omission (EN→ES),mistranslation,judgment,0.0
Opus,c3_authorship,0,omission (EN→ES),omission,judgment,0.22941573387056174
Opus,c3_authorship,0,omission (EN→ES),redundancy,judgment,0.0
Opus,c3_authorship,0,omission (EN→ES),referential_clarity,judgment,0.0
Opus,c3_authorship,0,omission (EN→ES),spelling_punctuation,procedural,0.0
Opus,c3_authorship,0,omission (EN→ES),terminology,judgment,0.0
Opus,c3_authorship,0,omission (EN→ES),untranslated,judgment,0.0
Opus,c3_authorship,0,redundancy (EN→ES),abstraction,judgment,0.0
Opus,c3_authorship,0,redundancy (EN→ES),addition,judgment,0.7492686492653552
Opus,c3_authorship,0,redundancy (EN→ES),do_not_translate,procedural,0.0
Opus,c3_authorship,0,redundancy (EN→ES),fluency,judgment,0.47756693294091906
Opus,c3_authorship,0,redundancy (EN→ES),focus,judgment,0.0
Opus,c3_authorship,0,redundancy (EN→ES),function_words,judgment,0.0
Opus,c3_authorship,0,redundancy (EN→ES),grammar,procedural,0.0
Opus,c3_authorship,0,redundancy (EN→ES),locale_conventions,procedural,0.0
Opus,c3_authorship,0,redundancy (EN→ES),logical_operations,procedural,0.0
Opus,c3_authorship,0,redundancy (EN→ES),mistranslation,judgment,0.0
Opus,c3_authorship,0,redundancy (EN→ES),omission,judgment,0.0
Opus,c3_authorship,0,redundancy (EN→ES),redundancy,judgment,0.6117752903214979
Opus,c3_authorship,0,redundancy (EN→ES),referential_clarity,judgment,0.0
Opus,c3_authorship,0,redundancy (EN→ES),spelling_punctuation,procedural,0.0
Opus,c3_authorship,0,redundancy (EN→ES),terminology,judgment,0.0
Opus,c3_authorship,0,redundancy (EN→ES),untranslated,judgment,0.0
Opus,c3_authorship,0,ref_clarity (EN→EL),abstraction,judgment,0.0
Opus,c3_authorship,0,ref_clarity (EN→EL),addition,judgment,0.0
Opus,c3_authorship,0,ref_clarity (EN→EL),do_not_translate,procedural,0.0
Opus,c3_authorship,0,ref_clarity (EN→EL),fluency,judgment,0.22941573387056177
Opus,c3_authorship,0,ref_clarity (EN→EL),focus,judgment,0.0
Opus,c3_authorship,0,ref_clarity (EN→EL),function_words,judgment,0.0
Opus,c3_authorship,0,ref_clarity (EN→EL),grammar,procedural,0.0
Opus,c3_authorship,0,ref_clarity (EN→EL),locale_conventions,procedural,0.0
Opus,c3_authorship,0,ref_clarity (EN→EL),logical_operations,procedural,0.0
Opus,c3_authorship,0,ref_clarity (EN→EL),mistranslation,judgment,0.49559462778335206
Opus,c3_authorship,0,ref_clarity (EN→EL),omission,judgment,0.0
Opus,c3_authorship,0,ref_clarity (EN→EL),redundancy,judgment,0.0
Opus,c3_authorship,0,ref_clarity (EN→EL),referential_clarity,judgment,0.9612370197756296
Opus,c3_authorship,0,ref_clarity (EN→EL),spelling_punctuation,procedural,0.0
Opus,c3_authorship,0,ref_clarity (EN→EL),terminology,judgment,0.0
Opus,c3_authorship,0,ref_clarity (EN→EL),untranslated,judgment,0.0
Opus,c3_authorship,0,ref_clarity (EN→ES),abstraction,judgment,0.0
Opus,c3_authorship,0,ref_clarity (EN→ES),addition,judgment,0.0
Opus,c3_authorship,0,ref_clarity (EN→ES),do_not_translate,procedural,0.0
Opus,c3_authorship,0,ref_clarity (EN→ES),fluency,judgment,0.0
Opus,c3_authorship,0,ref_clarity (EN→ES),focus,judgment,0.0
Opus,c3_authorship,0,ref_clarity (EN→ES),function_words,judgment,0.0
Opus,c3_authorship,0,ref_clarity (EN→ES),grammar,procedural,0.0
Opus,c3_authorship,0,ref_clarity (EN→ES),locale_conventions,procedural,0.0
Opus,c3_authorship,0,ref_clarity (EN→ES),logical_operations,procedural,0.0
Opus,c3_authorship,0,ref_clarity (EN→ES),mistranslation,judgment,0.5072572735017881
Opus,c3_authorship,0,ref_clarity (EN→ES),omission,judgment,0.0
Opus,c3_authorship,0,ref_clarity (EN→ES),redundancy,judgment,0.0
Opus,c3_authorship,0,ref_clarity (EN→ES),referential_clarity,judgment,0.606976978666884
Opus,c3_authorship,0,ref_clarity (EN→ES),spelling_punctuation,procedural,0.0
Opus,c3_authorship,0,ref_clarity (EN→ES),terminology,judgment,0.0
Opus,c3_authorship,0,ref_clarity (EN→ES),untranslated,judgment,0.0
Opus,c3_authorship,0,untranslated (EN→ES),abstraction,judgment,0.0
Opus,c3_authorship,0,untranslated (EN→ES),addition,judgment,0.0
Opus,c3_authorship,0,untranslated (EN→ES),do_not_translate,procedural,0.0
Opus,c3_authorship,0,untranslated (EN→ES),fluency,judgment,0.6710382982072031
Opus,c3_authorship,0,untranslated (EN→ES),focus,judgment,0.0
Opus,c3_authorship,0,untranslated (EN→ES),function_words,judgment,0.0
Opus,c3_authorship,0,untranslated (EN→ES),grammar,procedural,0.0
Opus,c3_authorship,0,untranslated (EN→ES),locale_conventions,procedural,0.0
Opus,c3_authorship,0,untranslated (EN→ES),logical_operations,procedural,0.0
Opus,c3_authorship,0,untranslated (EN→ES),mistranslation,judgment,0.0
Opus,c3_authorship,0,untranslated (EN→ES),omission,judgment,0.0
Opus,c3_authorship,0,untranslated (EN→ES),redundancy,judgment,0.0
Opus,c3_authorship,0,untranslated (EN→ES),referential_clarity,judgment,0.0
Opus,c3_authorship,0,untranslated (EN→ES),spelling_punctuation,procedural,0.0
Opus,c3_authorship,0,untranslated (EN→ES),terminology,judgment,0.9048278567177283
Opus,c3_authorship,0,untranslated (EN→ES),untranslated,judgment,0.41885390829169544
Opus,c3_authorship,1,abstraction (EN→EL),abstraction,judgment,0.3929526239966879
Opus,c3_authorship,1,abstraction (EN→EL),addition,judgment,0.0
Opus,c3_authorship,1,abstraction (EN→EL),do_not_translate,procedural,0.0
Opus,c3_authorship,1,abstraction (EN→EL),fluency,judgment,0.0
Opus,c3_authorship,1,abstraction (EN→EL),focus,judgment,0.0
Opus,c3_authorship,1,abstraction (EN→EL),function_words,judgment,0.0
Opus,c3_authorship,1,abstraction (EN→EL),grammar,procedural,0.0
Opus,c3_authorship,1,abstraction (EN→EL),locale_conventions,procedural,0.0
Opus,c3_authorship,1,abstraction (EN→EL),logical_operations,procedural,0.0
Opus,c3_authorship,1,abstraction (EN→EL),mistranslation,judgment,0.0
Opus,c3_authorship,1,abstraction (EN→EL),omission,judgment,0.4850712500726659
Opus,c3_authorship,1,abstraction (EN→EL),redundancy,judgment,0.0
Opus,c3_authorship,1,abstraction (EN→EL),referential_clarity,judgment,0.0
Opus,c3_authorship,1,abstraction (EN→EL),spelling_punctuation,procedural,0.0
Opus,c3_authorship,1,abstraction (EN→EL),terminology,judgment,0.0
Opus,c3_authorship,1,abstraction (EN→EL),untranslated,judgment,0.0
Opus,c3_authorship,1,func_words (EN→ES),abstraction,judgment,0.0
Opus,c3_authorship,1,func_words (EN→ES),addition,judgment,0.0
Opus,c3_authorship,1,func_words (EN→ES),do_not_translate,procedural,0.0
Opus,c3_authorship,1,func_words (EN→ES),fluency,judgment,0.39295262399668784
Opus,c3_authorship,1,func_words (EN→ES),focus,judgment,0.0
Opus,c3_authorship,1,func_words (EN→ES),function_words,judgment,0.24253562503633297
Opus,c3_authorship,1,func_words (EN→ES),grammar,procedural,0.4696682183138624
Opus,c3_authorship,1,func_words (EN→ES),locale_conventions,procedural,0.0
Opus,c3_authorship,1,func_words (EN→ES),logical_operations,procedural,0.0
Opus,c3_authorship,1,func_words (EN→ES),mistranslation,judgment,0.0
Opus,c3_authorship,1,func_words (EN→ES),omission,judgment,0.0
Opus,c3_authorship,1,func_words (EN→ES),redundancy,judgment,0.0
Opus,c3_authorship,1,func_words (EN→ES),referential_clarity,judgment,0.0
Opus,c3_authorship,1,func_words (EN→ES),spelling_punctuation,procedural,0.0
Opus,c3_authorship,1,func_words (EN→ES),terminology,judgment,0.0
Opus,c3_authorship,1,func_words (EN→ES),untranslated,judgment,0.0
Opus,c3_authorship,1,grammar (EN→EL),abstraction,judgment,0.0
Opus,c3_authorship,1,grammar (EN→EL),addition,judgment,0.0
Opus,c3_authorship,1,grammar (EN→EL),do_not_translate,procedural,0.0
Opus,c3_authorship,1,grammar (EN→EL),fluency,judgment,0.7952062255644574
Opus,c3_authorship,1,grammar (EN→EL),focus,judgment,0.0
Opus,c3_authorship,1,grammar (EN→EL),function_words,judgment,0.0
Opus,c3_authorship,1,grammar (EN→EL),grammar,procedural,0.33210558207753577
Opus,c3_authorship,1,grammar (EN→EL),locale_conventions,procedural,0.0
Opus,c3_authorship,1,grammar (EN→EL),logical_operations,procedural,0.0
Opus,c3_authorship,1,grammar (EN→EL),mistranslation,judgment,1.300452409966714
Opus,c3_authorship,1,grammar (EN→EL),omission,judgment,0.0
Opus,c3_authorship,1,grammar (EN→EL),redundancy,judgment,0.0
Opus,c3_authorship,1,grammar (EN→EL),referential_clarity,judgment,0.0
Opus,c3_authorship,1,grammar (EN→EL),spelling_punctuation,procedural,0.0
Opus,c3_authorship,1,grammar (EN→EL),terminology,judgment,0.0
Opus,c3_authorship,1,grammar (EN→EL),untranslated,judgment,0.0
Opus,c3_authorship,1,locale_conv (EN→EL),abstraction,judgment,0.0
Opus,c3_authorship,1,locale_conv (EN→EL),addition,judgment,0.0
Opus,c3_authorship,1,locale_conv (EN→EL),do_not_translate,procedural,0.0
Opus,c3_authorship,1,locale_conv (EN→EL),fluency,judgment,0.4696682183138623
Opus,c3_authorship,1,locale_conv (EN→EL),focus,judgment,0.0
Opus,c3_authorship,1,locale_conv (EN→EL),function_words,judgment,0.0
Opus,c3_authorship,1,locale_conv (EN→EL),grammar,procedural,0.0
Opus,c3_authorship,1,locale_conv (EN→EL),locale_conventions,procedural,0.49259218307188896
Opus,c3_authorship,1,locale_conv (EN→EL),logical_operations,procedural,0.0
Opus,c3_authorship,1,locale_conv (EN→EL),mistranslation,judgment,0.0
Opus,c3_authorship,1,locale_conv (EN→EL),omission,judgment,0.0
Opus,c3_authorship,1,locale_conv (EN→EL),redundancy,judgment,0.0
Opus,c3_authorship,1,locale_conv (EN→EL),referential_clarity,judgment,0.0
Opus,c3_authorship,1,locale_conv (EN→EL),spelling_punctuation,procedural,0.469668218313862
Opus,c3_authorship,1,locale_conv (EN→EL),terminology,judgment,0.0
Opus,c3_authorship,1,locale_conv (EN→EL),untranslated,judgment,0.0
Opus,c3_authorship,1,mistranslation (EN→ES),abstraction,judgment,0.0
Opus,c3_authorship,1,mistranslation (EN→ES),addition,judgment,1.147247344990711
Opus,c3_authorship,1,mistranslation (EN→ES),do_not_translate,procedural,0.0
Opus,c3_authorship,1,mistranslation (EN→ES),fluency,judgment,0.0
Opus,c3_authorship,1,mistranslation (EN→ES),focus,judgment,0.0
Opus,c3_authorship,1,mistranslation (EN→ES),function_words,judgment,0.0
Opus,c3_authorship,1,mistranslation (EN→ES),grammar,procedural,0.0
Opus,c3_authorship,1,mistranslation (EN→ES),locale_conventions,procedural,0.0
Opus,c3_authorship,1,mistranslation (EN→ES),logical_operations,procedural,0.0
Opus,c3_authorship,1,mistranslation (EN→ES),mistranslation,judgment,1.2976222599091636
Opus,c3_authorship,1,mistranslation (EN→ES),omission,judgment,0.24253562503633294
Opus,c3_authorship,1,mistranslation (EN→ES),redundancy,judgment,0.0
Opus,c3_authorship,1,mistranslation (EN→ES),referential_clarity,judgment,0.0
Opus,c3_authorship,1,mistranslation (EN→ES),spelling_punctuation,procedural,0.0
Opus,c3_authorship,1,mistranslation (EN→ES),terminology,judgment,0.0
Opus,c3_authorship,1,mistranslation (EN→ES),untranslated,judgment,0.0
Opus,c3_authorship,1,omission (EN→EL),abstraction,judgment,0.0
Opus,c3_authorship,1,omission (EN→EL),addition,judgment,0.0
Opus,c3_authorship,1,omission (EN→EL),do_not_translate,procedural,0.0
Opus,c3_authorship,1,omission (EN→EL),fluency,judgment,0.3321055820775357
Opus,c3_authorship,1,omission (EN→EL),focus,judgment,0.0
Opus,c3_authorship,1,omission (EN→EL),function_words,judgment,0.0
Opus,c3_authorship,1,omission (EN→EL),grammar,procedural,0.0
Opus,c3_authorship,1,omission (EN→EL),locale_conventions,procedural,0.0
Opus,c3_authorship,1,omission (EN→EL),logical_operations,procedural,0.0
Opus,c3_authorship,1,omission (EN→EL),mistranslation,judgment,0.0
Opus,c3_authorship,1,omission (EN→EL),omission,judgment,0.3929526239966879
Opus,c3_authorship,1,omission (EN→EL),redundancy,judgment,0.0
Opus,c3_authorship,1,omission (EN→EL),referential_clarity,judgment,0.0
Opus,c3_authorship,1,omission (EN→EL),spelling_punctuation,procedural,0.24253562503633297
Opus,c3_authorship,1,omission (EN→EL),terminology,judgment,0.0
Opus,c3_authorship,1,omission (EN→EL),untranslated,judgment,0.0
Opus,c3_authorship,1,omission (EN→ES),abstraction,judgment,0.0
Opus,c3_authorship,1,omission (EN→ES),addition,judgment,0.0
Opus,c3_authorship,1,omission (EN→ES),do_not_translate,procedural,0.0
Opus,c3_authorship,1,omission (EN→ES),fluency,judgment,0.0
Opus,c3_authorship,1,omission (EN→ES),focus,judgment,0.0
Opus,c3_authorship,1,omission (EN→ES),function_words,judgment,0.0
Opus,c3_authorship,1,omission (EN→ES),grammar,procedural,0.0
Opus,c3_authorship,1,omission (EN→ES),locale_conventions,procedural,0.0
Opus,c3_authorship,1,omission (EN→ES),logical_operations,procedural,0.0
Opus,c3_authorship,1,omission (EN→ES),mistranslation,judgment,0.0
Opus,c3_authorship,1,omission (EN→ES),omission,judgment,0.3929526239966879
Opus,c3_authorship,1,omission (EN→ES),redundancy,judgment,0.0
Opus,c3_authorship,1,omission (EN→ES),referential_clarity,judgment,0.0
Opus,c3_authorship,1,omission (EN→ES),spelling_punctuation,procedural,0.0
Opus,c3_authorship,1,omission (EN→ES),terminology,judgment,0.0
Opus,c3_authorship,1,omission (EN→ES),untranslated,judgment,0.0
Opus,c3_authorship,1,redundancy (EN→ES),abstraction,judgment,0.0
Opus,c3_authorship,1,redundancy (EN→ES),addition,judgment,1.014599312391785
Opus,c3_authorship,1,redundancy (EN→ES),do_not_translate,procedural,0.0
Opus,c3_authorship,1,redundancy (EN→ES),fluency,judgment,0.4696682183138619
Opus,c3_authorship,1,redundancy (EN→ES),focus,judgment,0.0
Opus,c3_authorship,1,redundancy (EN→ES),function_words,judgment,0.0
Opus,c3_authorship,1,redundancy (EN→ES),grammar,procedural,0.0
Opus,c3_authorship,1,redundancy (EN→ES),locale_conventions,procedural,0.0
Opus,c3_authorship,1,redundancy (EN→ES),logical_operations,procedural,0.0
Opus,c3_authorship,1,redundancy (EN→ES),mistranslation,judgment,0.0
Opus,c3_authorship,1,redundancy (EN→ES),omission,judgment,0.0
Opus,c3_authorship,1,redundancy (EN→ES),redundancy,judgment,0.4696682183138621
Opus,c3_authorship,1,redundancy (EN→ES),referential_clarity,judgment,0.0
Opus,c3_authorship,1,redundancy (EN→ES),spelling_punctuation,procedural,0.0
Opus,c3_authorship,1,redundancy (EN→ES),terminology,judgment,0.0
Opus,c3_authorship,1,redundancy (EN→ES),untranslated,judgment,0.0
Opus,c3_authorship,1,ref_clarity (EN→EL),abstraction,judgment,0.0
Opus,c3_authorship,1,ref_clarity (EN→EL),addition,judgment,0.0
Opus,c3_authorship,1,ref_clarity (EN→EL),do_not_translate,procedural,0.0
Opus,c3_authorship,1,ref_clarity (EN→EL),fluency,judgment,0.2425356250363329
Opus,c3_authorship,1,ref_clarity (EN→EL),focus,judgment,0.0
Opus,c3_authorship,1,ref_clarity (EN→EL),function_words,judgment,0.0
Opus,c3_authorship,1,ref_clarity (EN→EL),grammar,procedural,0.0
Opus,c3_authorship,1,ref_clarity (EN→EL),locale_conventions,procedural,0.0
Opus,c3_authorship,1,ref_clarity (EN→EL),logical_operations,procedural,0.0
Opus,c3_authorship,1,ref_clarity (EN→EL),mistranslation,judgment,0.4696682183138621
Opus,c3_authorship,1,ref_clarity (EN→EL),omission,judgment,0.0
Opus,c3_authorship,1,ref_clarity (EN→EL),redundancy,judgment,0.0
Opus,c3_authorship,1,ref_clarity (EN→EL),referential_clarity,judgment,0.9926198253344827
Opus,c3_authorship,1,ref_clarity (EN→EL),spelling_punctuation,procedural,0.0
Opus,c3_authorship,1,ref_clarity (EN→EL),terminology,judgment,0.0
Opus,c3_authorship,1,ref_clarity (EN→EL),untranslated,judgment,0.0
Opus,c3_authorship,1,ref_clarity (EN→ES),abstraction,judgment,0.0
Opus,c3_authorship,1,ref_clarity (EN→ES),addition,judgment,0.0
Opus,c3_authorship,1,ref_clarity (EN→ES),do_not_translate,procedural,0.0
Opus,c3_authorship,1,ref_clarity (EN→ES),fluency,judgment,0.242535625036333
Opus,c3_authorship,1,ref_clarity (EN→ES),focus,judgment,0.0
Opus,c3_authorship,1,ref_clarity (EN→ES),function_words,judgment,0.0
Opus,c3_authorship,1,ref_clarity (EN→ES),grammar,procedural,0.0
Opus,c3_authorship,1,ref_clarity (EN→ES),locale_conventions,procedural,0.0
Opus,c3_authorship,1,ref_clarity (EN→ES),logical_operations,procedural,0.0
Opus,c3_authorship,1,ref_clarity (EN→ES),mistranslation,judgment,0.6242642728467976
Opus,c3_authorship,1,ref_clarity (EN→ES),omission,judgment,0.0
Opus,c3_authorship,1,ref_clarity (EN→ES),redundancy,judgment,0.0
Opus,c3_authorship,1,ref_clarity (EN→ES),referential_clarity,judgment,0.5878675320972555
Opus,c3_authorship,1,ref_clarity (EN→ES),spelling_punctuation,procedural,0.0
Opus,c3_authorship,1,ref_clarity (EN→ES),terminology,judgment,0.0
Opus,c3_authorship,1,ref_clarity (EN→ES),untranslated,judgment,0.0
Opus,c3_authorship,1,untranslated (EN→ES),abstraction,judgment,0.0
Opus,c3_authorship,1,untranslated (EN→ES),addition,judgment,0.0
Opus,c3_authorship,1,untranslated (EN→ES),do_not_translate,procedural,0.0
Opus,c3_authorship,1,untranslated (EN→ES),fluency,judgment,0.5878675320972554
Opus,c3_authorship,1,untranslated (EN→ES),focus,judgment,0.0
Opus,c3_authorship,1,untranslated (EN→ES),function_words,judgment,0.0
Opus,c3_authorship,1,untranslated (EN→ES),grammar,procedural,0.0
Opus,c3_authorship,1,untranslated (EN→ES),locale_conventions,procedural,0.0
Opus,c3_authorship,1,untranslated (EN→ES),logical_operations,procedural,0.0
Opus,c3_authorship,1,untranslated (EN→ES),mistranslation,judgment,0.0
Opus,c3_authorship,1,untranslated (EN→ES),omission,judgment,0.0
Opus,c3_authorship,1,untranslated (EN→ES),redundancy,judgment,0.0
Opus,c3_authorship,1,untranslated (EN→ES),referential_clarity,judgment,0.0
Opus,c3_authorship,1,untranslated (EN→ES),spelling_punctuation,procedural,0.332105582077536
Opus,c3_authorship,1,untranslated (EN→ES),terminology,judgment,0.9314757424772421
Opus,c3_authorship,1,untranslated (EN→ES),untranslated,judgment,0.24253562503633297
Sonnet,c0_neutral,0,abstraction (EN→EL),abstraction,judgment,0.0
Sonnet,c0_neutral,0,abstraction (EN→EL),addition,judgment,0.0
Sonnet,c0_neutral,0,abstraction (EN→EL),do_not_translate,procedural,0.0
Sonnet,c0_neutral,0,abstraction (EN→EL),fluency,judgment,0.0
Sonnet,c0_neutral,0,abstraction (EN→EL),focus,judgment,0.0
Sonnet,c0_neutral,0,abstraction (EN→EL),function_words,judgment,0.0
Sonnet,c0_neutral,0,abstraction (EN→EL),grammar,procedural,0.0
Sonnet,c0_neutral,0,abstraction (EN→EL),locale_conventions,procedural,0.0
Sonnet,c0_neutral,0,abstraction (EN→EL),logical_operations,procedural,0.0
Sonnet,c0_neutral,0,abstraction (EN→EL),mistranslation,judgment,0.0
Sonnet,c0_neutral,0,abstraction (EN→EL),omission,judgment,0.0
Sonnet,c0_neutral,0,abstraction (EN→EL),redundancy,judgment,0.0
Sonnet,c0_neutral,0,abstraction (EN→EL),referential_clarity,judgment,0.0
Sonnet,c0_neutral,0,abstraction (EN→EL),spelling_punctuation,procedural,0.0
Sonnet,c0_neutral,0,abstraction (EN→EL),terminology,judgment,0.0
Sonnet,c0_neutral,0,abstraction (EN→EL),untranslated,judgment,0.0
Sonnet,c0_neutral,0,func_words (EN→ES),abstraction,judgment,0.0
Sonnet,c0_neutral,0,func_words (EN→ES),addition,judgment,0.0
Sonnet,c0_neutral,0,func_words (EN→ES),do_not_translate,procedural,0.0
Sonnet,c0_neutral,0,func_words (EN→ES),fluency,judgment,0.4103913408340618
Sonnet,c0_neutral,0,func_words (EN→ES),focus,judgment,0.0
Sonnet,c0_neutral,0,func_words (EN→ES),function_words,judgment,0.36634754853252327
Sonnet,c0_neutral,0,func_words (EN→ES),grammar,procedural,0.41039134083406176
Sonnet,c0_neutral,0,func_words (EN→ES),locale_conventions,procedural,0.0
Sonnet,c0_neutral,0,func_words (EN→ES),logical_operations,procedural,0.0
Sonnet,c0_neutral,0,func_words (EN→ES),mistranslation,judgment,0.0
Sonnet,c0_neutral,0,func_words (EN→ES),omission,judgment,0.0
Sonnet,c0_neutral,0,func_words (EN→ES),redundancy,judgment,0.0
Sonnet,c0_neutral,0,func_words (EN→ES),referential_clarity,judgment,0.0
Sonnet,c0_neutral,0,func_words (EN→ES),spelling_punctuation,procedural,0.0
Sonnet,c0_neutral,0,func_words (EN→ES),terminology,judgment,0.0
Sonnet,c0_neutral,0,func_words (EN→ES),untranslated,judgment,0.0
Sonnet,c0_neutral,0,grammar (EN→EL),abstraction,judgment,0.0
Sonnet,c0_neutral,0,grammar (EN→EL),addition,judgment,0.0
Sonnet,c0_neutral,0,grammar (EN→EL),do_not_translate,procedural,0.0
Sonnet,c0_neutral,0,grammar (EN→EL),fluency,judgment,0.8271701918685113
Sonnet,c0_neutral,0,grammar (EN→EL),focus,judgment,0.0
Sonnet,c0_neutral,0,grammar (EN→EL),function_words,judgment,0.0
Sonnet,c0_neutral,0,grammar (EN→EL),grammar,procedural,0.6708203932499369
Sonnet,c0_neutral,0,grammar (EN→EL),locale_conventions,procedural,0.0
Sonnet,c0_neutral,0,grammar (EN→EL),logical_operations,procedural,0.0
Sonnet,c0_neutral,0,grammar (EN→EL),mistranslation,judgment,1.500876936643164
Sonnet,c0_neutral,0,grammar (EN→EL),omission,judgment,0.0
Sonnet,c0_neutral,0,grammar (EN→EL),redundancy,judgment,0.0
Sonnet,c0_neutral,0,grammar (EN→EL),referential_clarity,judgment,0.0
Sonnet,c0_neutral,0,grammar (EN→EL),spelling_punctuation,procedural,0.0
Sonnet,c0_neutral,0,grammar (EN→EL),terminology,judgment,0.0
Sonnet,c0_neutral,0,grammar (EN→EL),untranslated,judgment,0.0
Sonnet,c0_neutral,0,locale_conv (EN→EL),abstraction,judgment,0.0
Sonnet,c0_neutral,0,locale_conv (EN→EL),addition,judgment,0.0
Sonnet,c0_neutral,0,locale_conv (EN→EL),do_not_translate,procedural,0.0
Sonnet,c0_neutral,0,locale_conv (EN→EL),fluency,judgment,0.223606797749979
Sonnet,c0_neutral,0,locale_conv (EN→EL),focus,judgment,0.0
Sonnet,c0_neutral,0,locale_conv (EN→EL),function_words,judgment,0.0
Sonnet,c0_neutral,0,locale_conv (EN→EL),grammar,procedural,0.0
Sonnet,c0_neutral,0,locale_conv (EN→EL),locale_conventions,procedural,0.48936048492959294
Sonnet,c0_neutral,0,locale_conv (EN→EL),logical_operations,procedural,0.0
Sonnet,c0_neutral,0,locale_conv (EN→EL),mistranslation,judgment,0.0
Sonnet,c0_neutral,0,locale_conv (EN→EL),omission,judgment,0.0
Sonnet,c0_neutral,0,locale_conv (EN→EL),redundancy,judgment,0.0
Sonnet,c0_neutral,0,locale_conv (EN→EL),referential_clarity,judgment,0.0
Sonnet,c0_neutral,0,locale_conv (EN→EL),spelling_punctuation,procedural,0.0
Sonnet,c0_neutral,0,locale_conv (EN→EL),terminology,judgment,0.0
Sonnet,c0_neutral,0,locale_conv (EN→EL),untranslated,judgment,0.0
Sonnet,c0_neutral,0,mistranslation (EN→ES),abstraction,judgment,0.0
Sonnet,c0_neutral,0,mistranslation (EN→ES),addition,judgment,1.399247918291146
Sonnet,c0_neutral,0,mistranslation (EN→ES),do_not_translate,procedural,0.0
Sonnet,c0_neutral,0,mistranslation (EN→ES),fluency,judgment,0.223606797749979
Sonnet,c0_neutral,0,mistranslation (EN→ES),focus,judgment,0.0
Sonnet,c0_neutral,0,mistranslation (EN→ES),function_words,judgment,0.0
Sonnet,c0_neutral,0,mistranslation (EN→ES),grammar,procedural,0.0
Sonnet,c0_neutral,0,mistranslation (EN→ES),locale_conventions,procedural,0.0
Sonnet,c0_neutral,0,mistranslation (EN→ES),logical_operations,procedural,0.0
Sonnet,c0_neutral,0,mistranslation (EN→ES),mistranslation,judgment,1.2396943596157717
Sonnet,c0_neutral,0,mistranslation (EN→ES),omission,judgment,1.394538218230416
Sonnet,c0_neutral,0,mistranslation (EN→ES),redundancy,judgment,0.0
Sonnet,c0_neutral,0,mistranslation (EN→ES),referential_clarity,judgment,0.0
Sonnet,c0_neutral,0,mistranslation (EN→ES),spelling_punctuation,procedural,0.0
Sonnet,c0_neutral,0,mistranslation (EN→ES),terminology,judgment,0.0
Sonnet,c0_neutral,0,mistranslation (EN→ES),untranslated,judgment,0.0
Sonnet,c0_neutral,0,omission (EN→EL),abstraction,judgment,0.0
Sonnet,c0_neutral,0,omission (EN→EL),addition,judgment,0.0
Sonnet,c0_neutral,0,omission (EN→EL),do_not_translate,procedural,0.0
Sonnet,c0_neutral,0,omission (EN→EL),fluency,judgment,0.44721359549995787
Sonnet,c0_neutral,0,omission (EN→EL),focus,judgment,0.0
Sonnet,c0_neutral,0,omission (EN→EL),function_words,judgment,0.0
Sonnet,c0_neutral,0,omission (EN→EL),grammar,procedural,0.44721359549995787
Sonnet,c0_neutral,0,omission (EN→EL),locale_conventions,procedural,0.0
Sonnet,c0_neutral,0,omission (EN→EL),logical_operations,procedural,0.0
Sonnet,c0_neutral,0,omission (EN→EL),mistranslation,judgment,0.0
Sonnet,c0_neutral,0,omission (EN→EL),omission,judgment,0.0
Sonnet,c0_neutral,0,omission (EN→EL),redundancy,judgment,0.0
Sonnet,c0_neutral,0,omission (EN→EL),referential_clarity,judgment,0.0
Sonnet,c0_neutral,0,omission (EN→EL),spelling_punctuation,procedural,0.0
Sonnet,c0_neutral,0,omission (EN→EL),terminology,judgment,0.0
Sonnet,c0_neutral,0,omission (EN→EL),untranslated,judgment,0.0
Sonnet,c0_neutral,0,omission (EN→ES),abstraction,judgment,0.0
Sonnet,c0_neutral,0,omission (EN→ES),addition,judgment,0.0
Sonnet,c0_neutral,0,omission (EN→ES),do_not_translate,procedural,0.0
Sonnet,c0_neutral,0,omission (EN→ES),fluency,judgment,0.0
Sonnet,c0_neutral,0,omission (EN→ES),focus,judgment,0.0
Sonnet,c0_neutral,0,omission (EN→ES),function_words,judgment,0.0
Sonnet,c0_neutral,0,omission (EN→ES),grammar,procedural,0.0
Sonnet,c0_neutral,0,omission (EN→ES),locale_conventions,procedural,0.0
Sonnet,c0_neutral,0,omission (EN→ES),logical_operations,procedural,0.0
Sonnet,c0_neutral,0,omission (EN→ES),mistranslation,judgment,0.0
Sonnet,c0_neutral,0,omission (EN→ES),omission,judgment,0.0
Sonnet,c0_neutral,0,omission (EN→ES),redundancy,judgment,0.0
Sonnet,c0_neutral,0,omission (EN→ES),referential_clarity,judgment,0.0
Sonnet,c0_neutral,0,omission (EN→ES),spelling_punctuation,procedural,0.0
Sonnet,c0_neutral,0,omission (EN→ES),terminology,judgment,0.0
Sonnet,c0_neutral,0,omission (EN→ES),untranslated,judgment,0.0
Sonnet,c0_neutral,0,redundancy (EN→ES),abstraction,judgment,0.0
Sonnet,c0_neutral,0,redundancy (EN→ES),addition,judgment,0.4103913408340615
Sonnet,c0_neutral,0,redundancy (EN→ES),do_not_translate,procedural,0.0
Sonnet,c0_neutral,0,redundancy (EN→ES),fluency,judgment,0.5026246899500346
Sonnet,c0_neutral,0,redundancy (EN→ES),focus,judgment,0.0
Sonnet,c0_neutral,0,redundancy (EN→ES),function_words,judgment,0.0
Sonnet,c0_neutral,0,redundancy (EN→ES),grammar,procedural,0.0
Sonnet,c0_neutral,0,redundancy (EN→ES),locale_conventions,procedural,0.0
Sonnet,c0_neutral,0,redundancy (EN→ES),logical_operations,procedural,0.0
Sonnet,c0_neutral,0,redundancy (EN→ES),mistranslation,judgment,0.0
Sonnet,c0_neutral,0,redundancy (EN→ES),omission,judgment,0.0
Sonnet,c0_neutral,0,redundancy (EN→ES),redundancy,judgment,0.22360679774997894
Sonnet,c0_neutral,0,redundancy (EN→ES),referential_clarity,judgment,0.0
Sonnet,c0_neutral,0,redundancy (EN→ES),spelling_punctuation,procedural,0.0
Sonnet,c0_neutral,0,redundancy (EN→ES),terminology,judgment,0.0
Sonnet,c0_neutral,0,redundancy (EN→ES),untranslated,judgment,0.0
Sonnet,c0_neutral,0,ref_clarity (EN→EL),abstraction,judgment,0.0
Sonnet,c0_neutral,0,ref_clarity (EN→EL),addition,judgment,0.0
Sonnet,c0_neutral,0,ref_clarity (EN→EL),do_not_translate,procedural,0.0
Sonnet,c0_neutral,0,ref_clarity (EN→EL),fluency,judgment,0.22360679774997894
Sonnet,c0_neutral,0,ref_clarity (EN→EL),focus,judgment,0.0
Sonnet,c0_neutral,0,ref_clarity (EN→EL),function_words,judgment,0.0
Sonnet,c0_neutral,0,ref_clarity (EN→EL),grammar,procedural,0.0
Sonnet,c0_neutral,0,ref_clarity (EN→EL),locale_conventions,procedural,0.0
Sonnet,c0_neutral,0,ref_clarity (EN→EL),logical_operations,procedural,0.0
Sonnet,c0_neutral,0,ref_clarity (EN→EL),mistranslation,judgment,0.606976978666884
Sonnet,c0_neutral,0,ref_clarity (EN→EL),omission,judgment,0.0
Sonnet,c0_neutral,0,ref_clarity (EN→EL),redundancy,judgment,0.0
Sonnet,c0_neutral,0,ref_clarity (EN→EL),referential_clarity,judgment,0.0
Sonnet,c0_neutral,0,ref_clarity (EN→EL),spelling_punctuation,procedural,0.0
Sonnet,c0_neutral,0,ref_clarity (EN→EL),terminology,judgment,0.0
Sonnet,c0_neutral,0,ref_clarity (EN→EL),untranslated,judgment,0.0
Sonnet,c0_neutral,0,ref_clarity (EN→ES),abstraction,judgment,0.0
Sonnet,c0_neutral,0,ref_clarity (EN→ES),addition,judgment,0.0
Sonnet,c0_neutral,0,ref_clarity (EN→ES),do_not_translate,procedural,0.0
Sonnet,c0_neutral,0,ref_clarity (EN→ES),fluency,judgment,0.0
Sonnet,c0_neutral,0,ref_clarity (EN→ES),focus,judgment,0.0
Sonnet,c0_neutral,0,ref_clarity (EN→ES),function_words,judgment,0.0
Sonnet,c0_neutral,0,ref_clarity (EN→ES),grammar,procedural,0.0
Sonnet,c0_neutral,0,ref_clarity (EN→ES),locale_conventions,procedural,0.0
Sonnet,c0_neutral,0,ref_clarity (EN→ES),logical_operations,procedural,0.0
Sonnet,c0_neutral,0,ref_clarity (EN→ES),mistranslation,judgment,0.0
Sonnet,c0_neutral,0,ref_clarity (EN→ES),omission,judgment,0.0
Sonnet,c0_neutral,0,ref_clarity (EN→ES),redundancy,judgment,0.0
Sonnet,c0_neutral,0,ref_clarity (EN→ES),referential_clarity,judgment,0.0
Sonnet,c0_neutral,0,ref_clarity (EN→ES),spelling_punctuation,procedural,0.0
Sonnet,c0_neutral,0,ref_clarity (EN→ES),terminology,judgment,0.0
Sonnet,c0_neutral,0,ref_clarity (EN→ES),untranslated,judgment,0.0
Sonnet,c0_neutral,0,untranslated (EN→ES),abstraction,judgment,0.0
Sonnet,c0_neutral,0,untranslated (EN→ES),addition,judgment,0.0
Sonnet,c0_neutral,0,untranslated (EN→ES),do_not_translate,procedural,0.0
Sonnet,c0_neutral,0,untranslated (EN→ES),fluency,judgment,0.4442616583193194
Sonnet,c0_neutral,0,untranslated (EN→ES),focus,judgment,0.0
Sonnet,c0_neutral,0,untranslated (EN→ES),function_words,judgment,0.0
Sonnet,c0_neutral,0,untranslated (EN→ES),grammar,procedural,0.0
Sonnet,c0_neutral,0,untranslated (EN→ES),locale_conventions,procedural,0.0
Sonnet,c0_neutral,0,untranslated (EN→ES),logical_operations,procedural,0.0
Sonnet,c0_neutral,0,untranslated (EN→ES),mistranslation,judgment,0.0
Sonnet,c0_neutral,0,untranslated (EN→ES),omission,judgment,0.0
Sonnet,c0_neutral,0,untranslated (EN→ES),redundancy,judgment,0.0
Sonnet,c0_neutral,0,untranslated (EN→ES),referential_clarity,judgment,0.0
Sonnet,c0_neutral,0,untranslated (EN→ES),spelling_punctuation,procedural,0.0
Sonnet,c0_neutral,0,untranslated (EN→ES),terminology,judgment,0.8885233166386384
Sonnet,c0_neutral,0,untranslated (EN→ES),untranslated,judgment,0.0
Sonnet,c0_neutral,1,abstraction (EN→EL),abstraction,judgment,0.40465131911125596
Sonnet,c0_neutral,1,abstraction (EN→EL),addition,judgment,0.0
Sonnet,c0_neutral,1,abstraction (EN→EL),do_not_translate,procedural,0.0
Sonnet,c0_neutral,1,abstraction (EN→EL),fluency,judgment,0.0
Sonnet,c0_neutral,1,abstraction (EN→EL),focus,judgment,0.0
Sonnet,c0_neutral,1,abstraction (EN→EL),function_words,judgment,0.0
Sonnet,c0_neutral,1,abstraction (EN→EL),grammar,procedural,0.0
Sonnet,c0_neutral,1,abstraction (EN→EL),locale_conventions,procedural,0.0
Sonnet,c0_neutral,1,abstraction (EN→EL),logical_operations,procedural,0.6306035352846115
Sonnet,c0_neutral,1,abstraction (EN→EL),mistranslation,judgment,0.0
Sonnet,c0_neutral,1,abstraction (EN→EL),omission,judgment,0.9551338658818386
Sonnet,c0_neutral,1,abstraction (EN→EL),redundancy,judgment,0.0
Sonnet,c0_neutral,1,abstraction (EN→EL),referential_clarity,judgment,0.0
Sonnet,c0_neutral,1,abstraction (EN→EL),spelling_punctuation,procedural,0.0
Sonnet,c0_neutral,1,abstraction (EN→EL),terminology,judgment,0.0
Sonnet,c0_neutral,1,abstraction (EN→EL),untranslated,judgment,0.0
Sonnet,c0_neutral,1,func_words (EN→ES),abstraction,judgment,0.0
Sonnet,c0_neutral,1,func_words (EN→ES),addition,judgment,0.0
Sonnet,c0_neutral,1,func_words (EN→ES),do_not_translate,procedural,0.0
Sonnet,c0_neutral,1,func_words (EN→ES),fluency,judgment,0.501459857121279
Sonnet,c0_neutral,1,func_words (EN→ES),focus,judgment,0.0
Sonnet,c0_neutral,1,func_words (EN→ES),function_words,judgment,0.47756693294091923
Sonnet,c0_neutral,1,func_words (EN→ES),grammar,procedural,0.5619514869490168
Sonnet,c0_neutral,1,func_words (EN→ES),locale_conventions,procedural,0.0
Sonnet,c0_neutral,1,func_words (EN→ES),logical_operations,procedural,0.0
Sonnet,c0_neutral,1,func_words (EN→ES),mistranslation,judgment,0.0
Sonnet,c0_neutral,1,func_words (EN→ES),omission,judgment,0.0
Sonnet,c0_neutral,1,func_words (EN→ES),redundancy,judgment,0.0
Sonnet,c0_neutral,1,func_words (EN→ES),referential_clarity,judgment,0.0
Sonnet,c0_neutral,1,func_words (EN→ES),spelling_punctuation,procedural,0.0
Sonnet,c0_neutral,1,func_words (EN→ES),terminology,judgment,0.0
Sonnet,c0_neutral,1,func_words (EN→ES),untranslated,judgment,0.0
Sonnet,c0_neutral,1,grammar (EN→EL),abstraction,judgment,0.0
Sonnet,c0_neutral,1,grammar (EN→EL),addition,judgment,0.0
Sonnet,c0_neutral,1,grammar (EN→EL),do_not_translate,procedural,0.0
Sonnet,c0_neutral,1,grammar (EN→EL),fluency,judgment,0.901590537370498
Sonnet,c0_neutral,1,grammar (EN→EL),focus,judgment,0.0
Sonnet,c0_neutral,1,grammar (EN→EL),function_words,judgment,0.0
Sonnet,c0_neutral,1,grammar (EN→EL),grammar,procedural,0.37463432463267765
Sonnet,c0_neutral,1,grammar (EN→EL),locale_conventions,procedural,0.0
Sonnet,c0_neutral,1,grammar (EN→EL),logical_operations,procedural,0.6882472016116853
Sonnet,c0_neutral,1,grammar (EN→EL),mistranslation,judgment,1.4265650070355171
Sonnet,c0_neutral,1,grammar (EN→EL),omission,judgment,0.0
Sonnet,c0_neutral,1,grammar (EN→EL),redundancy,judgment,0.0
Sonnet,c0_neutral,1,grammar (EN→EL),referential_clarity,judgment,0.0
Sonnet,c0_neutral,1,grammar (EN→EL),spelling_punctuation,procedural,0.0
Sonnet,c0_neutral,1,grammar (EN→EL),terminology,judgment,0.0
Sonnet,c0_neutral,1,grammar (EN→EL),untranslated,judgment,0.0
Sonnet,c0_neutral,1,locale_conv (EN→EL),abstraction,judgment,0.0
Sonnet,c0_neutral,1,locale_conv (EN→EL),addition,judgment,0.0
Sonnet,c0_neutral,1,locale_conv (EN→EL),do_not_translate,procedural,0.0
Sonnet,c0_neutral,1,locale_conv (EN→EL),fluency,judgment,0.4775669329409193
Sonnet,c0_neutral,1,locale_conv (EN→EL),focus,judgment,0.0
Sonnet,c0_neutral,1,locale_conv (EN→EL),function_words,judgment,0.0
Sonnet,c0_neutral,1,locale_conv (EN→EL),grammar,procedural,0.0
Sonnet,c0_neutral,1,locale_conv (EN→EL),locale_conventions,procedural,0.5823927253578187
Sonnet,c0_neutral,1,locale_conv (EN→EL),logical_operations,procedural,0.0
Sonnet,c0_neutral,1,locale_conv (EN→EL),mistranslation,judgment,0.0
Sonnet,c0_neutral,1,locale_conv (EN→EL),omission,judgment,0.0
Sonnet,c0_neutral,1,locale_conv (EN→EL),redundancy,judgment,0.0
Sonnet,c0_neutral,1,locale_conv (EN→EL),referential_clarity,judgment,0.0
Sonnet,c0_neutral,1,locale_conv (EN→EL),spelling_punctuation,procedural,0.3746343246326776
Sonnet,c0_neutral,1,locale_conv (EN→EL),terminology,judgment,0.0
Sonnet,c0_neutral,1,locale_conv (EN→EL),untranslated,judgment,0.0
Sonnet,c0_neutral,1,mistranslation (EN→ES),abstraction,judgment,0.0
Sonnet,c0_neutral,1,mistranslation (EN→ES),addition,judgment,1.2425214883947913
Sonnet,c0_neutral,1,mistranslation (EN→ES),do_not_translate,procedural,0.0
Sonnet,c0_neutral,1,mistranslation (EN→ES),fluency,judgment,0.0
Sonnet,c0_neutral,1,mistranslation (EN→ES),focus,judgment,0.0
Sonnet,c0_neutral,1,mistranslation (EN→ES),function_words,judgment,0.0
Sonnet,c0_neutral,1,mistranslation (EN→ES),grammar,procedural,0.0
Sonnet,c0_neutral,1,mistranslation (EN→ES),locale_conventions,procedural,0.0
Sonnet,c0_neutral,1,mistranslation (EN→ES),logical_operations,procedural,0.0
Sonnet,c0_neutral,1,mistranslation (EN→ES),mistranslation,judgment,1.0202625507753482
Sonnet,c0_neutral,1,mistranslation (EN→ES),omission,judgment,1.304513083861144
Sonnet,c0_neutral,1,mistranslation (EN→ES),redundancy,judgment,0.0
Sonnet,c0_neutral,1,mistranslation (EN→ES),referential_clarity,judgment,0.0
Sonnet,c0_neutral,1,mistranslation (EN→ES),spelling_punctuation,procedural,0.0
Sonnet,c0_neutral,1,mistranslation (EN→ES),terminology,judgment,0.2294157338705617
Sonnet,c0_neutral,1,mistranslation (EN→ES),untranslated,judgment,0.0
Sonnet,c0_neutral,1,omission (EN→EL),abstraction,judgment,0.0
Sonnet,c0_neutral,1,omission (EN→EL),addition,judgment,0.0
Sonnet,c0_neutral,1,omission (EN→EL),do_not_translate,procedural,0.0
Sonnet,c0_neutral,1,omission (EN→EL),fluency,judgment,0.3153017676423058
Sonnet,c0_neutral,1,omission (EN→EL),focus,judgment,0.0
Sonnet,c0_neutral,1,omission (EN→EL),function_words,judgment,0.31530176764230583
Sonnet,c0_neutral,1,omission (EN→EL),grammar,procedural,0.0
Sonnet,c0_neutral,1,omission (EN→EL),locale_conventions,procedural,0.0
Sonnet,c0_neutral,1,omission (EN→EL),logical_operations,procedural,0.0
Sonnet,c0_neutral,1,omission (EN→EL),mistranslation,judgment,0.0
Sonnet,c0_neutral,1,omission (EN→EL),omission,judgment,0.22941573387056177
Sonnet,c0_neutral,1,omission (EN→EL),redundancy,judgment,0.0
Sonnet,c0_neutral,1,omission (EN→EL),referential_clarity,judgment,0.0
Sonnet,c0_neutral,1,omission (EN→EL),spelling_punctuation,procedural,0.2294157338705618
Sonnet,c0_neutral,1,omission (EN→EL),terminology,judgment,0.0
Sonnet,c0_neutral,1,omission (EN→EL),untranslated,judgment,0.0
Sonnet,c0_neutral,1,omission (EN→ES),abstraction,judgment,0.0
Sonnet,c0_neutral,1,omission (EN→ES),addition,judgment,0.0
Sonnet,c0_neutral,1,omission (EN→ES),do_not_translate,procedural,0.0
Sonnet,c0_neutral,1,omission (EN→ES),fluency,judgment,0.0
Sonnet,c0_neutral,1,omission (EN→ES),focus,judgment,0.0
Sonnet,c0_neutral,1,omission (EN→ES),function_words,judgment,0.0
Sonnet,c0_neutral,1,omission (EN→ES),grammar,procedural,0.0
Sonnet,c0_neutral,1,omission (EN→ES),locale_conventions,procedural,0.0
Sonnet,c0_neutral,1,omission (EN→ES),logical_operations,procedural,0.0
Sonnet,c0_neutral,1,omission (EN→ES),mistranslation,judgment,0.0
Sonnet,c0_neutral,1,omission (EN→ES),omission,judgment,0.22941573387056177
Sonnet,c0_neutral,1,omission (EN→ES),redundancy,judgment,0.0
Sonnet,c0_neutral,1,omission (EN→ES),referential_clarity,judgment,0.0
Sonnet,c0_neutral,1,omission (EN→ES),spelling_punctuation,procedural,0.0
Sonnet,c0_neutral,1,omission (EN→ES),terminology,judgment,0.0
Sonnet,c0_neutral,1,omission (EN→ES),untranslated,judgment,0.0
Sonnet,c0_neutral,1,redundancy (EN→ES),abstraction,judgment,0.0
Sonnet,c0_neutral,1,redundancy (EN→ES),addition,judgment,0.936585811581694
Sonnet,c0_neutral,1,redundancy (EN→ES),do_not_translate,procedural,0.0
Sonnet,c0_neutral,1,redundancy (EN→ES),fluency,judgment,0.6069769786668838
Sonnet,c0_neutral,1,redundancy (EN→ES),focus,judgment,0.0
Sonnet,c0_neutral,1,redundancy (EN→ES),function_words,judgment,0.0
Sonnet,c0_neutral,1,redundancy (EN→ES),grammar,procedural,0.0
Sonnet,c0_neutral,1,redundancy (EN→ES),locale_conventions,procedural,0.0
Sonnet,c0_neutral,1,redundancy (EN→ES),logical_operations,procedural,0.0
Sonnet,c0_neutral,1,redundancy (EN→ES),mistranslation,judgment,0.0
Sonnet,c0_neutral,1,redundancy (EN→ES),omission,judgment,0.0
Sonnet,c0_neutral,1,redundancy (EN→ES),redundancy,judgment,0.45241392835886407
Sonnet,c0_neutral,1,redundancy (EN→ES),referential_clarity,judgment,0.0
Sonnet,c0_neutral,1,redundancy (EN→ES),spelling_punctuation,procedural,0.0
Sonnet,c0_neutral,1,redundancy (EN→ES),terminology,judgment,0.0
Sonnet,c0_neutral,1,redundancy (EN→ES),untranslated,judgment,0.0
Sonnet,c0_neutral,1,ref_clarity (EN→EL),abstraction,judgment,0.0
Sonnet,c0_neutral,1,ref_clarity (EN→EL),addition,judgment,0.0
Sonnet,c0_neutral,1,ref_clarity (EN→EL),do_not_translate,procedural,0.0
Sonnet,c0_neutral,1,ref_clarity (EN→EL),fluency,judgment,0.495594627783352
Sonnet,c0_neutral,1,ref_clarity (EN→EL),focus,judgment,0.0
Sonnet,c0_neutral,1,ref_clarity (EN→EL),function_words,judgment,0.0
Sonnet,c0_neutral,1,ref_clarity (EN→EL),grammar,procedural,0.0
Sonnet,c0_neutral,1,ref_clarity (EN→EL),locale_conventions,procedural,0.0
Sonnet,c0_neutral,1,ref_clarity (EN→EL),logical_operations,procedural,0.0
Sonnet,c0_neutral,1,ref_clarity (EN→EL),mistranslation,judgment,0.41885390829169555
Sonnet,c0_neutral,1,ref_clarity (EN→EL),omission,judgment,0.0
Sonnet,c0_neutral,1,ref_clarity (EN→EL),redundancy,judgment,0.0
Sonnet,c0_neutral,1,ref_clarity (EN→EL),referential_clarity,judgment,1.1055415967851334
Sonnet,c0_neutral,1,ref_clarity (EN→EL),spelling_punctuation,procedural,0.0
Sonnet,c0_neutral,1,ref_clarity (EN→EL),terminology,judgment,0.0
Sonnet,c0_neutral,1,ref_clarity (EN→EL),untranslated,judgment,0.0
Sonnet,c0_neutral,1,ref_clarity (EN→ES),abstraction,judgment,0.0
Sonnet,c0_neutral,1,ref_clarity (EN→ES),addition,judgment,0.0
Sonnet,c0_neutral,1,ref_clarity (EN→ES),do_not_translate,procedural,0.0
Sonnet,c0_neutral,1,ref_clarity (EN→ES),fluency,judgment,0.0
Sonnet,c0_neutral,1,ref_clarity (EN→ES),focus,judgment,0.0
Sonnet,c0_neutral,1,ref_clarity (EN→ES),function_words,judgment,0.0
Sonnet,c0_neutral,1,ref_clarity (EN→ES),grammar,procedural,0.0
Sonnet,c0_neutral,1,ref_clarity (EN→ES),locale_conventions,procedural,0.0
Sonnet,c0_neutral,1,ref_clarity (EN→ES),logical_operations,procedural,0.0
Sonnet,c0_neutral,1,ref_clarity (EN→ES),mistranslation,judgment,0.6924826089821245
Sonnet,c0_neutral,1,ref_clarity (EN→ES),omission,judgment,0.0
Sonnet,c0_neutral,1,ref_clarity (EN→ES),redundancy,judgment,0.0
Sonnet,c0_neutral,1,ref_clarity (EN→ES),referential_clarity,judgment,0.4955946277833521
Sonnet,c0_neutral,1,ref_clarity (EN→ES),spelling_punctuation,procedural,0.0
Sonnet,c0_neutral,1,ref_clarity (EN→ES),terminology,judgment,0.0
Sonnet,c0_neutral,1,ref_clarity (EN→ES),untranslated,judgment,0.0
Sonnet,c0_neutral,1,untranslated (EN→ES),abstraction,judgment,0.0
Sonnet,c0_neutral,1,untranslated (EN→ES),addition,judgment,0.0
Sonnet,c0_neutral,1,untranslated (EN→ES),do_not_translate,procedural,0.0
Sonnet,c0_neutral,1,untranslated (EN→ES),fluency,judgment,0.5972647203701476
Sonnet,c0_neutral,1,untranslated (EN→ES),focus,judgment,0.0
Sonnet,c0_neutral,1,untranslated (EN→ES),function_words,judgment,0.0
Sonnet,c0_neutral,1,untranslated (EN→ES),grammar,procedural,0.0
Sonnet,c0_neutral,1,untranslated (EN→ES),locale_conventions,procedural,0.0
Sonnet,c0_neutral,1,untranslated (EN→ES),logical_operations,procedural,0.0
Sonnet,c0_neutral,1,untranslated (EN→ES),mistranslation,judgment,0.0
Sonnet,c0_neutral,1,untranslated (EN→ES),omission,judgment,0.0
Sonnet,c0_neutral,1,untranslated (EN→ES),redundancy,judgment,0.0
Sonnet,c0_neutral,1,untranslated (EN→ES),referential_clarity,judgment,0.0
Sonnet,c0_neutral,1,untranslated (EN→ES),spelling_punctuation,procedural,0.22941573387056174
Sonnet,c0_neutral,1,untranslated (EN→ES),terminology,judgment,0.9642741111341261
Sonnet,c0_neutral,1,untranslated (EN→ES),untranslated,judgment,0.31530176764230583
Sonnet,c1_safety,0,abstraction (EN→EL),abstraction,judgment,0.0
Sonnet,c1_safety,0,abstraction (EN→EL),addition,judgment,0.0
Sonnet,c1_safety,0,abstraction (EN→EL),do_not_translate,procedural,0.0
Sonnet,c1_safety,0,abstraction (EN→EL),fluency,judgment,0.0
Sonnet,c1_safety,0,abstraction (EN→EL),focus,judgment,0.0
Sonnet,c1_safety,0,abstraction (EN→EL),function_words,judgment,0.0
Sonnet,c1_safety,0,abstraction (EN→EL),grammar,procedural,0.0
Sonnet,c1_safety,0,abstraction (EN→EL),locale_conventions,procedural,0.0
Sonnet,c1_safety,0,abstraction (EN→EL),logical_operations,procedural,0.0
Sonnet,c1_safety,0,abstraction (EN→EL),mistranslation,judgment,0.0
Sonnet,c1_safety,0,abstraction (EN→EL),omission,judgment,0.4188539082916955
Sonnet,c1_safety,0,abstraction (EN→EL),redundancy,judgment,0.0
Sonnet,c1_safety,0,abstraction (EN→EL),referential_clarity,judgment,0.0
Sonnet,c1_safety,0,abstraction (EN→EL),spelling_punctuation,procedural,0.0
Sonnet,c1_safety,0,abstraction (EN→EL),terminology,judgment,0.0
Sonnet,c1_safety,0,abstraction (EN→EL),untranslated,judgment,0.0
Sonnet,c1_safety,0,func_words (EN→ES),abstraction,judgment,0.0
Sonnet,c1_safety,0,func_words (EN→ES),addition,judgment,0.0
Sonnet,c1_safety,0,func_words (EN→ES),do_not_translate,procedural,0.0
Sonnet,c1_safety,0,func_words (EN→ES),fluency,judgment,0.4955946277833521
Sonnet,c1_safety,0,func_words (EN→ES),focus,judgment,0.0
Sonnet,c1_safety,0,func_words (EN→ES),function_words,judgment,0.47756693294091923
Sonnet,c1_safety,0,func_words (EN→ES),grammar,procedural,0.5353033790313108
Sonnet,c1_safety,0,func_words (EN→ES),locale_conventions,procedural,0.0
Sonnet,c1_safety,0,func_words (EN→ES),logical_operations,procedural,0.0
Sonnet,c1_safety,0,func_words (EN→ES),mistranslation,judgment,0.0
Sonnet,c1_safety,0,func_words (EN→ES),omission,judgment,0.0
Sonnet,c1_safety,0,func_words (EN→ES),redundancy,judgment,0.0
Sonnet,c1_safety,0,func_words (EN→ES),referential_clarity,judgment,0.0
Sonnet,c1_safety,0,func_words (EN→ES),spelling_punctuation,procedural,0.0
Sonnet,c1_safety,0,func_words (EN→ES),terminology,judgment,0.0
Sonnet,c1_safety,0,func_words (EN→ES),untranslated,judgment,0.0
Sonnet,c1_safety,0,grammar (EN→EL),abstraction,judgment,0.0
Sonnet,c1_safety,0,grammar (EN→EL),addition,judgment,0.0
Sonnet,c1_safety,0,grammar (EN→EL),do_not_translate,procedural,0.0
Sonnet,c1_safety,0,grammar (EN→EL),fluency,judgment,0.2294157338705618
Sonnet,c1_safety,0,grammar (EN→EL),focus,judgment,0.0
Sonnet,c1_safety,0,grammar (EN→EL),function_words,judgment,0.0
Sonnet,c1_safety,0,grammar (EN→EL),grammar,procedural,0.22941573387056174
Sonnet,c1_safety,0,grammar (EN→EL),locale_conventions,procedural,0.0
Sonnet,c1_safety,0,grammar (EN→EL),logical_operations,procedural,0.0
Sonnet,c1_safety,0,grammar (EN→EL),mistranslation,judgment,1.1160708020048367
Sonnet,c1_safety,0,grammar (EN→EL),omission,judgment,0.0
Sonnet,c1_safety,0,grammar (EN→EL),redundancy,judgment,0.0
Sonnet,c1_safety,0,grammar (EN→EL),referential_clarity,judgment,0.0
Sonnet,c1_safety,0,grammar (EN→EL),spelling_punctuation,procedural,0.0
Sonnet,c1_safety,0,grammar (EN→EL),terminology,judgment,0.0
Sonnet,c1_safety,0,grammar (EN→EL),untranslated,judgment,0.0
Sonnet,c1_safety,0,locale_conv (EN→EL),abstraction,judgment,0.0
Sonnet,c1_safety,0,locale_conv (EN→EL),addition,judgment,0.0
Sonnet,c1_safety,0,locale_conv (EN→EL),do_not_translate,procedural,0.0
Sonnet,c1_safety,0,locale_conv (EN→EL),fluency,judgment,0.3153017676423058
Sonnet,c1_safety,0,locale_conv (EN→EL),focus,judgment,0.0
Sonnet,c1_safety,0,locale_conv (EN→EL),function_words,judgment,0.0
Sonnet,c1_safety,0,locale_conv (EN→EL),grammar,procedural,0.0
Sonnet,c1_safety,0,locale_conv (EN→EL),locale_conventions,procedural,0.4955946277833522
Sonnet,c1_safety,0,locale_conv (EN→EL),logical_operations,procedural,0.0
Sonnet,c1_safety,0,locale_conv (EN→EL),mistranslation,judgment,0.0
Sonnet,c1_safety,0,locale_conv (EN→EL),omission,judgment,0.0
Sonnet,c1_safety,0,locale_conv (EN→EL),redundancy,judgment,0.0
Sonnet,c1_safety,0,locale_conv (EN→EL),referential_clarity,judgment,0.0
Sonnet,c1_safety,0,locale_conv (EN→EL),spelling_punctuation,procedural,0.2294157338705618
Sonnet,c1_safety,0,locale_conv (EN→EL),terminology,judgment,0.0
Sonnet,c1_safety,0,locale_conv (EN→EL),untranslated,judgment,0.0
Sonnet,c1_safety,0,mistranslation (EN→ES),abstraction,judgment,0.0
Sonnet,c1_safety,0,mistranslation (EN→ES),addition,judgment,1.4669856112538155
Sonnet,c1_safety,0,mistranslation (EN→ES),do_not_translate,procedural,0.0
Sonnet,c1_safety,0,mistranslation (EN→ES),fluency,judgment,0.4188539082916957
Sonnet,c1_safety,0,mistranslation (EN→ES),focus,judgment,0.0
Sonnet,c1_safety,0,mistranslation (EN→ES),function_words,judgment,0.0
Sonnet,c1_safety,0,mistranslation (EN→ES),grammar,procedural,0.0
Sonnet,c1_safety,0,mistranslation (EN→ES),locale_conventions,procedural,0.0
Sonnet,c1_safety,0,mistranslation (EN→ES),logical_operations,procedural,0.0
Sonnet,c1_safety,0,mistranslation (EN→ES),mistranslation,judgment,1.5043795713638373
Sonnet,c1_safety,0,mistranslation (EN→ES),omission,judgment,1.3701069237311885
Sonnet,c1_safety,0,mistranslation (EN→ES),redundancy,judgment,0.0
Sonnet,c1_safety,0,mistranslation (EN→ES),referential_clarity,judgment,0.0
Sonnet,c1_safety,0,mistranslation (EN→ES),spelling_punctuation,procedural,0.0
Sonnet,c1_safety,0,mistranslation (EN→ES),terminology,judgment,0.0
Sonnet,c1_safety,0,mistranslation (EN→ES),untranslated,judgment,0.0
Sonnet,c1_safety,0,omission (EN→EL),abstraction,judgment,0.0
Sonnet,c1_safety,0,omission (EN→EL),addition,judgment,0.0
Sonnet,c1_safety,0,omission (EN→EL),do_not_translate,procedural,0.0
Sonnet,c1_safety,0,omission (EN→EL),fluency,judgment,0.0
Sonnet,c1_safety,0,omission (EN→EL),focus,judgment,0.0
Sonnet,c1_safety,0,omission (EN→EL),function_words,judgment,0.0
Sonnet,c1_safety,0,omission (EN→EL),grammar,procedural,0.0
Sonnet,c1_safety,0,omission (EN→EL),locale_conventions,procedural,0.0
Sonnet,c1_safety,0,omission (EN→EL),logical_operations,procedural,0.0
Sonnet,c1_safety,0,omission (EN→EL),mistranslation,judgment,0.0
Sonnet,c1_safety,0,omission (EN→EL),omission,judgment,0.0
Sonnet,c1_safety,0,omission (EN→EL),redundancy,judgment,0.0
Sonnet,c1_safety,0,omission (EN→EL),referential_clarity,judgment,0.0
Sonnet,c1_safety,0,omission (EN→EL),spelling_punctuation,procedural,0.0
Sonnet,c1_safety,0,omission (EN→EL),terminology,judgment,0.0
Sonnet,c1_safety,0,omission (EN→EL),untranslated,judgment,0.0
Sonnet,c1_safety,0,omission (EN→ES),abstraction,judgment,0.0
Sonnet,c1_safety,0,omission (EN→ES),addition,judgment,0.0
Sonnet,c1_safety,0,omission (EN→ES),do_not_translate,procedural,0.0
Sonnet,c1_safety,0,omission (EN→ES),fluency,judgment,0.0
Sonnet,c1_safety,0,omission (EN→ES),focus,judgment,0.0
Sonnet,c1_safety,0,omission (EN→ES),function_words,judgment,0.0
Sonnet,c1_safety,0,omission (EN→ES),grammar,procedural,0.0
Sonnet,c1_safety,0,omission (EN→ES),locale_conventions,procedural,0.0
Sonnet,c1_safety,0,omission (EN→ES),logical_operations,procedural,0.0
Sonnet,c1_safety,0,omission (EN→ES),mistranslation,judgment,0.0
Sonnet,c1_safety,0,omission (EN→ES),omission,judgment,0.0
Sonnet,c1_safety,0,omission (EN→ES),redundancy,judgment,0.0
Sonnet,c1_safety,0,omission (EN→ES),referential_clarity,judgment,0.0
Sonnet,c1_safety,0,omission (EN→ES),spelling_punctuation,procedural,0.0
Sonnet,c1_safety,0,omission (EN→ES),terminology,judgment,0.0
Sonnet,c1_safety,0,omission (EN→ES),untranslated,judgment,0.0
Sonnet,c1_safety,0,redundancy (EN→ES),abstraction,judgment,0.0
Sonnet,c1_safety,0,redundancy (EN→ES),addition,judgment,1.0841764600337105
Sonnet,c1_safety,0,redundancy (EN→ES),do_not_translate,procedural,0.0
Sonnet,c1_safety,0,redundancy (EN→ES),fluency,judgment,0.4188539082916955
Sonnet,c1_safety,0,redundancy (EN→ES),focus,judgment,0.0
Sonnet,c1_safety,0,redundancy (EN→ES),function_words,judgment,0.0
Sonnet,c1_safety,0,redundancy (EN→ES),grammar,procedural,0.0
Sonnet,c1_safety,0,redundancy (EN→ES),locale_conventions,procedural,0.0
Sonnet,c1_safety,0,redundancy (EN→ES),logical_operations,procedural,0.0
Sonnet,c1_safety,0,redundancy (EN→ES),mistranslation,judgment,0.0
Sonnet,c1_safety,0,redundancy (EN→ES),omission,judgment,0.0
Sonnet,c1_safety,0,redundancy (EN→ES),redundancy,judgment,0.3333333333333333
Sonnet,c1_safety,0,redundancy (EN→ES),referential_clarity,judgment,0.0
Sonnet,c1_safety,0,redundancy (EN→ES),spelling_punctuation,procedural,0.0
Sonnet,c1_safety,0,redundancy (EN→ES),terminology,judgment,0.0
Sonnet,c1_safety,0,redundancy (EN→ES),untranslated,judgment,0.0
Sonnet,c1_safety,0,ref_clarity (EN→EL),abstraction,judgment,0.0
Sonnet,c1_safety,0,ref_clarity (EN→EL),addition,judgment,0.0
Sonnet,c1_safety,0,ref_clarity (EN→EL),do_not_translate,procedural,0.0
Sonnet,c1_safety,0,ref_clarity (EN→EL),fluency,judgment,0.4775669329409193
Sonnet,c1_safety,0,ref_clarity (EN→EL),focus,judgment,0.0
Sonnet,c1_safety,0,ref_clarity (EN→EL),function_words,judgment,0.0
Sonnet,c1_safety,0,ref_clarity (EN→EL),grammar,procedural,0.0
Sonnet,c1_safety,0,ref_clarity (EN→EL),locale_conventions,procedural,0.0
Sonnet,c1_safety,0,ref_clarity (EN→EL),logical_operations,procedural,0.0
Sonnet,c1_safety,0,ref_clarity (EN→EL),mistranslation,judgment,0.606976978666884
Sonnet,c1_safety,0,ref_clarity (EN→EL),omission,judgment,0.0
Sonnet,c1_safety,0,ref_clarity (EN→EL),redundancy,judgment,0.0
Sonnet,c1_safety,0,ref_clarity (EN→EL),referential_clarity,judgment,1.213953957333768
Sonnet,c1_safety,0,ref_clarity (EN→EL),spelling_punctuation,procedural,0.0
Sonnet,c1_safety,0,ref_clarity (EN→EL),terminology,judgment,0.0
Sonnet,c1_safety,0,ref_clarity (EN→EL),untranslated,judgment,0.0
Sonnet,c1_safety,0,ref_clarity (EN→ES),abstraction,judgment,0.0
Sonnet,c1_safety,0,ref_clarity (EN→ES),addition,judgment,0.0
Sonnet,c1_safety,0,ref_clarity (EN→ES),do_not_translate,procedural,0.0
Sonnet,c1_safety,0,ref_clarity (EN→ES),fluency,judgment,0.0
Sonnet,c1_safety,0,ref_clarity (EN→ES),focus,judgment,0.0
Sonnet,c1_safety,0,ref_clarity (EN→ES),function_words,judgment,0.0
Sonnet,c1_safety,0,ref_clarity (EN→ES),grammar,procedural,0.0
Sonnet,c1_safety,0,ref_clarity (EN→ES),locale_conventions,procedural,0.0
Sonnet,c1_safety,0,ref_clarity (EN→ES),logical_operations,procedural,0.0
Sonnet,c1_safety,0,ref_clarity (EN→ES),mistranslation,judgment,0.3746343246326777
Sonnet,c1_safety,0,ref_clarity (EN→ES),omission,judgment,0.0
Sonnet,c1_safety,0,ref_clarity (EN→ES),redundancy,judgment,0.0
Sonnet,c1_safety,0,ref_clarity (EN→ES),referential_clarity,judgment,0.315301767642306
Sonnet,c1_safety,0,ref_clarity (EN→ES),spelling_punctuation,procedural,0.0
Sonnet,c1_safety,0,ref_clarity (EN→ES),terminology,judgment,0.0
Sonnet,c1_safety,0,ref_clarity (EN→ES),untranslated,judgment,0.0
Sonnet,c1_safety,0,untranslated (EN→ES),abstraction,judgment,0.0
Sonnet,c1_safety,0,untranslated (EN→ES),addition,judgment,0.0
Sonnet,c1_safety,0,untranslated (EN→ES),do_not_translate,procedural,0.0
Sonnet,c1_safety,0,untranslated (EN→ES),fluency,judgment,0.3746343246326776
Sonnet,c1_safety,0,untranslated (EN→ES),focus,judgment,0.0
Sonnet,c1_safety,0,untranslated (EN→ES),function_words,judgment,0.0
Sonnet,c1_safety,0,untranslated (EN→ES),grammar,procedural,0.0
Sonnet,c1_safety,0,untranslated (EN→ES),locale_conventions,procedural,0.0
Sonnet,c1_safety,0,untranslated (EN→ES),logical_operations,procedural,0.0
Sonnet,c1_safety,0,untranslated (EN→ES),mistranslation,judgment,0.0
Sonnet,c1_safety,0,untranslated (EN→ES),omission,judgment,0.0
Sonnet,c1_safety,0,untranslated (EN→ES),redundancy,judgment,0.0
Sonnet,c1_safety,0,untranslated (EN→ES),referential_clarity,judgment,0.0
Sonnet,c1_safety,0,untranslated (EN→ES),spelling_punctuation,procedural,0.0
Sonnet,c1_safety,0,untranslated (EN→ES),terminology,judgment,1.067872125861979
Sonnet,c1_safety,0,untranslated (EN→ES),untranslated,judgment,0.4188539082916955
Sonnet,c1_safety,1,abstraction (EN→EL),abstraction,judgment,0.31530176764230594
Sonnet,c1_safety,1,abstraction (EN→EL),addition,judgment,0.0
Sonnet,c1_safety,1,abstraction (EN→EL),do_not_translate,procedural,0.0
Sonnet,c1_safety,1,abstraction (EN→EL),fluency,judgment,0.0
Sonnet,c1_safety,1,abstraction (EN→EL),focus,judgment,0.0
Sonnet,c1_safety,1,abstraction (EN→EL),function_words,judgment,0.0
Sonnet,c1_safety,1,abstraction (EN→EL),grammar,procedural,0.0
Sonnet,c1_safety,1,abstraction (EN→EL),locale_conventions,procedural,0.0
Sonnet,c1_safety,1,abstraction (EN→EL),logical_operations,procedural,0.0
Sonnet,c1_safety,1,abstraction (EN→EL),mistranslation,judgment,0.0
Sonnet,c1_safety,1,abstraction (EN→EL),omission,judgment,0.22941573387056172
Sonnet,c1_safety,1,abstraction (EN→EL),redundancy,judgment,0.0
Sonnet,c1_safety,1,abstraction (EN→EL),referential_clarity,judgment,0.0
Sonnet,c1_safety,1,abstraction (EN→EL),spelling_punctuation,procedural,0.0
Sonnet,c1_safety,1,abstraction (EN→EL),terminology,judgment,0.0
Sonnet,c1_safety,1,abstraction (EN→EL),untranslated,judgment,0.0
Sonnet,c1_safety,1,func_words (EN→ES),abstraction,judgment,0.0
Sonnet,c1_safety,1,func_words (EN→ES),addition,judgment,0.0
Sonnet,c1_safety,1,func_words (EN→ES),do_not_translate,procedural,0.0
Sonnet,c1_safety,1,func_words (EN→ES),fluency,judgment,0.47756693294091923
Sonnet,c1_safety,1,func_words (EN→ES),focus,judgment,0.0
Sonnet,c1_safety,1,func_words (EN→ES),function_words,judgment,0.45883146774112354
Sonnet,c1_safety,1,func_words (EN→ES),grammar,procedural,0.3153017676423058
Sonnet,c1_safety,1,func_words (EN→ES),locale_conventions,procedural,0.0
Sonnet,c1_safety,1,func_words (EN→ES),logical_operations,procedural,0.0
Sonnet,c1_safety,1,func_words (EN→ES),mistranslation,judgment,0.0
Sonnet,c1_safety,1,func_words (EN→ES),omission,judgment,0.0
Sonnet,c1_safety,1,func_words (EN→ES),redundancy,judgment,0.0
Sonnet,c1_safety,1,func_words (EN→ES),referential_clarity,judgment,0.0
Sonnet,c1_safety,1,func_words (EN→ES),spelling_punctuation,procedural,0.0
Sonnet,c1_safety,1,func_words (EN→ES),terminology,judgment,0.0
Sonnet,c1_safety,1,func_words (EN→ES),untranslated,judgment,0.0
Sonnet,c1_safety,1,grammar (EN→EL),abstraction,judgment,0.0
Sonnet,c1_safety,1,grammar (EN→EL),addition,judgment,0.0
Sonnet,c1_safety,1,grammar (EN→EL),do_not_translate,procedural,0.0
Sonnet,c1_safety,1,grammar (EN→EL),fluency,judgment,0.7492686492653552
Sonnet,c1_safety,1,grammar (EN→EL),focus,judgment,0.0
Sonnet,c1_safety,1,grammar (EN→EL),function_words,judgment,0.0
Sonnet,c1_safety,1,grammar (EN→EL),grammar,procedural,0.3333333333333335
Sonnet,c1_safety,1,grammar (EN→EL),locale_conventions,procedural,0.0
Sonnet,c1_safety,1,grammar (EN→EL),logical_operations,procedural,0.0
Sonnet,c1_safety,1,grammar (EN→EL),mistranslation,judgment,1.5217718205053643
Sonnet,c1_safety,1,grammar (EN→EL),omission,judgment,0.0
Sonnet,c1_safety,1,grammar (EN→EL),redundancy,judgment,0.0
Sonnet,c1_safety,1,grammar (EN→EL),referential_clarity,judgment,0.0
Sonnet,c1_safety,1,grammar (EN→EL),spelling_punctuation,procedural,0.0
Sonnet,c1_safety,1,grammar (EN→EL),terminology,judgment,0.0
Sonnet,c1_safety,1,grammar (EN→EL),untranslated,judgment,0.0
Sonnet,c1_safety,1,locale_conv (EN→EL),abstraction,judgment,0.0
Sonnet,c1_safety,1,locale_conv (EN→EL),addition,judgment,0.0
Sonnet,c1_safety,1,locale_conv (EN→EL),do_not_translate,procedural,0.0
Sonnet,c1_safety,1,locale_conv (EN→EL),fluency,judgment,0.4188539082916956
Sonnet,c1_safety,1,locale_conv (EN→EL),focus,judgment,0.0
Sonnet,c1_safety,1,locale_conv (EN→EL),function_words,judgment,0.0
Sonnet,c1_safety,1,locale_conv (EN→EL),grammar,procedural,0.0
Sonnet,c1_safety,1,locale_conv (EN→EL),locale_conventions,procedural,0.3746343246326776
Sonnet,c1_safety,1,locale_conv (EN→EL),logical_operations,procedural,0.0
Sonnet,c1_safety,1,locale_conv (EN→EL),mistranslation,judgment,0.0
Sonnet,c1_safety,1,locale_conv (EN→EL),omission,judgment,0.0
Sonnet,c1_safety,1,locale_conv (EN→EL),redundancy,judgment,0.0
Sonnet,c1_safety,1,locale_conv (EN→EL),referential_clarity,judgment,0.0
Sonnet,c1_safety,1,locale_conv (EN→EL),spelling_punctuation,procedural,0.22941573387056172
Sonnet,c1_safety,1,locale_conv (EN→EL),terminology,judgment,0.0
Sonnet,c1_safety,1,locale_conv (EN→EL),untranslated,judgment,0.0
Sonnet,c1_safety,1,mistranslation (EN→ES),abstraction,judgment,0.0
Sonnet,c1_safety,1,mistranslation (EN→ES),addition,judgment,1.335524515310053
Sonnet,c1_safety,1,mistranslation (EN→ES),do_not_translate,procedural,0.0
Sonnet,c1_safety,1,mistranslation (EN→ES),fluency,judgment,0.22941573387056174
Sonnet,c1_safety,1,mistranslation (EN→ES),focus,judgment,0.0
Sonnet,c1_safety,1,mistranslation (EN→ES),function_words,judgment,0.0
Sonnet,c1_safety,1,mistranslation (EN→ES),grammar,procedural,0.0
Sonnet,c1_safety,1,mistranslation (EN→ES),locale_conventions,procedural,0.0
Sonnet,c1_safety,1,mistranslation (EN→ES),logical_operations,procedural,0.0
Sonnet,c1_safety,1,mistranslation (EN→ES),mistranslation,judgment,1.5121341566151925
Sonnet,c1_safety,1,mistranslation (EN→ES),omission,judgment,1.1212983285105118
Sonnet,c1_safety,1,mistranslation (EN→ES),redundancy,judgment,0.0
Sonnet,c1_safety,1,mistranslation (EN→ES),referential_clarity,judgment,0.0
Sonnet,c1_safety,1,mistranslation (EN→ES),spelling_punctuation,procedural,0.0
Sonnet,c1_safety,1,mistranslation (EN→ES),terminology,judgment,0.0
Sonnet,c1_safety,1,mistranslation (EN→ES),untranslated,judgment,0.0
Sonnet,c1_safety,1,omission (EN→EL),abstraction,judgment,0.0
Sonnet,c1_safety,1,omission (EN→EL),addition,judgment,0.0
Sonnet,c1_safety,1,omission (EN→EL),do_not_translate,procedural,0.0
Sonnet,c1_safety,1,omission (EN→EL),fluency,judgment,0.0
Sonnet,c1_safety,1,omission (EN→EL),focus,judgment,0.0
Sonnet,c1_safety,1,omission (EN→EL),function_words,judgment,0.0
Sonnet,c1_safety,1,omission (EN→EL),grammar,procedural,0.0
Sonnet,c1_safety,1,omission (EN→EL),locale_conventions,procedural,0.0
Sonnet,c1_safety,1,omission (EN→EL),logical_operations,procedural,0.0
Sonnet,c1_safety,1,omission (EN→EL),mistranslation,judgment,0.0
Sonnet,c1_safety,1,omission (EN→EL),omission,judgment,0.4188539082916955
Sonnet,c1_safety,1,omission (EN→EL),redundancy,judgment,0.0
Sonnet,c1_safety,1,omission (EN→EL),referential_clarity,judgment,0.0
Sonnet,c1_safety,1,omission (EN→EL),spelling_punctuation,procedural,0.45883146774112343
Sonnet,c1_safety,1,omission (EN→EL),terminology,judgment,0.0
Sonnet,c1_safety,1,omission (EN→EL),untranslated,judgment,0.0
Sonnet,c1_safety,1,omission (EN→ES),abstraction,judgment,0.0
Sonnet,c1_safety,1,omission (EN→ES),addition,judgment,0.0
Sonnet,c1_safety,1,omission (EN→ES),do_not_translate,procedural,0.0
Sonnet,c1_safety,1,omission (EN→ES),fluency,judgment,0.0
Sonnet,c1_safety,1,omission (EN→ES),focus,judgment,0.0
Sonnet,c1_safety,1,omission (EN→ES),function_words,judgment,0.0
Sonnet,c1_safety,1,omission (EN→ES),grammar,procedural,0.0
Sonnet,c1_safety,1,omission (EN→ES),locale_conventions,procedural,0.0
Sonnet,c1_safety,1,omission (EN→ES),logical_operations,procedural,0.0
Sonnet,c1_safety,1,omission (EN→ES),mistranslation,judgment,0.0
Sonnet,c1_safety,1,omission (EN→ES),omission,judgment,0.4188539082916955
Sonnet,c1_safety,1,omission (EN→ES),redundancy,judgment,0.0
Sonnet,c1_safety,1,omission (EN→ES),referential_clarity,judgment,0.0
Sonnet,c1_safety,1,omission (EN→ES),spelling_punctuation,procedural,0.0
Sonnet,c1_safety,1,omission (EN→ES),terminology,judgment,0.0
Sonnet,c1_safety,1,omission (EN→ES),untranslated,judgment,0.0
Sonnet,c1_safety,1,redundancy (EN→ES),abstraction,judgment,0.0
Sonnet,c1_safety,1,redundancy (EN→ES),addition,judgment,0.9459053029269172
Sonnet,c1_safety,1,redundancy (EN→ES),do_not_translate,procedural,0.0
Sonnet,c1_safety,1,redundancy (EN→ES),fluency,judgment,0.41885390829169555
Sonnet,c1_safety,1,redundancy (EN→ES),focus,judgment,0.2294157338705618
Sonnet,c1_safety,1,redundancy (EN→ES),function_words,judgment,0.0
Sonnet,c1_safety,1,redundancy (EN→ES),grammar,procedural,0.0
Sonnet,c1_safety,1,redundancy (EN→ES),locale_conventions,procedural,0.0
Sonnet,c1_safety,1,redundancy (EN→ES),logical_operations,procedural,0.0
Sonnet,c1_safety,1,redundancy (EN→ES),mistranslation,judgment,0.0
Sonnet,c1_safety,1,redundancy (EN→ES),omission,judgment,0.0
Sonnet,c1_safety,1,redundancy (EN→ES),redundancy,judgment,0.49559462778335206
Sonnet,c1_safety,1,redundancy (EN→ES),referential_clarity,judgment,0.0
Sonnet,c1_safety,1,redundancy (EN→ES),spelling_punctuation,procedural,0.0
Sonnet,c1_safety,1,redundancy (EN→ES),terminology,judgment,0.0
Sonnet,c1_safety,1,redundancy (EN→ES),untranslated,judgment,0.0
Sonnet,c1_safety,1,ref_clarity (EN→EL),abstraction,judgment,0.0
Sonnet,c1_safety,1,ref_clarity (EN→EL),addition,judgment,0.0
Sonnet,c1_safety,1,ref_clarity (EN→EL),do_not_translate,procedural,0.0
Sonnet,c1_safety,1,ref_clarity (EN→EL),fluency,judgment,0.3153017676423058
Sonnet,c1_safety,1,ref_clarity (EN→EL),focus,judgment,0.0
Sonnet,c1_safety,1,ref_clarity (EN→EL),function_words,judgment,0.0
Sonnet,c1_safety,1,ref_clarity (EN→EL),grammar,procedural,0.0
Sonnet,c1_safety,1,ref_clarity (EN→EL),locale_conventions,procedural,0.0
Sonnet,c1_safety,1,ref_clarity (EN→EL),logical_operations,procedural,0.0
Sonnet,c1_safety,1,ref_clarity (EN→EL),mistranslation,judgment,0.49559462778335217
Sonnet,c1_safety,1,ref_clarity (EN→EL),omission,judgment,0.0
Sonnet,c1_safety,1,ref_clarity (EN→EL),redundancy,judgment,0.0
Sonnet,c1_safety,1,ref_clarity (EN→EL),referential_clarity,judgment,0.936585811581694
Sonnet,c1_safety,1,ref_clarity (EN→EL),spelling_punctuation,procedural,0.0
Sonnet,c1_safety,1,ref_clarity (EN→EL),terminology,judgment,0.0
Sonnet,c1_safety,1,ref_clarity (EN→EL),untranslated,judgment,0.0
Sonnet,c1_safety,1,ref_clarity (EN→ES),abstraction,judgment,0.0
Sonnet,c1_safety,1,ref_clarity (EN→ES),addition,judgment,0.0
Sonnet,c1_safety,1,ref_clarity (EN→ES),do_not_translate,procedural,0.0
Sonnet,c1_safety,1,ref_clarity (EN→ES),fluency,judgment,0.0
Sonnet,c1_safety,1,ref_clarity (EN→ES),focus,judgment,0.0
Sonnet,c1_safety,1,ref_clarity (EN→ES),function_words,judgment,0.0
Sonnet,c1_safety,1,ref_clarity (EN→ES),grammar,procedural,0.0
Sonnet,c1_safety,1,ref_clarity (EN→ES),locale_conventions,procedural,0.0
Sonnet,c1_safety,1,ref_clarity (EN→ES),logical_operations,procedural,0.0
Sonnet,c1_safety,1,ref_clarity (EN→ES),mistranslation,judgment,0.45241392835886407
Sonnet,c1_safety,1,ref_clarity (EN→ES),omission,judgment,0.0
Sonnet,c1_safety,1,ref_clarity (EN→ES),redundancy,judgment,0.0
Sonnet,c1_safety,1,ref_clarity (EN→ES),referential_clarity,judgment,0.512989176042577
Sonnet,c1_safety,1,ref_clarity (EN→ES),spelling_punctuation,procedural,0.0
Sonnet,c1_safety,1,ref_clarity (EN→ES),terminology,judgment,0.0
Sonnet,c1_safety,1,ref_clarity (EN→ES),untranslated,judgment,0.0
Sonnet,c1_safety,1,untranslated (EN→ES),abstraction,judgment,0.0
Sonnet,c1_safety,1,untranslated (EN→ES),addition,judgment,0.0
Sonnet,c1_safety,1,untranslated (EN→ES),do_not_translate,procedural,0.0
Sonnet,c1_safety,1,untranslated (EN→ES),fluency,judgment,0.3153017676423058
Sonnet,c1_safety,1,untranslated (EN→ES),focus,judgment,0.0
Sonnet,c1_safety,1,untranslated (EN→ES),function_words,judgment,0.0
Sonnet,c1_safety,1,untranslated (EN→ES),grammar,procedural,0.0
Sonnet,c1_safety,1,untranslated (EN→ES),locale_conventions,procedural,0.0
Sonnet,c1_safety,1,untranslated (EN→ES),logical_operations,procedural,0.0
Sonnet,c1_safety,1,untranslated (EN→ES),mistranslation,judgment,0.0
Sonnet,c1_safety,1,untranslated (EN→ES),omission,judgment,0.0
Sonnet,c1_safety,1,untranslated (EN→ES),redundancy,judgment,0.0
Sonnet,c1_safety,1,untranslated (EN→ES),referential_clarity,judgment,0.0
Sonnet,c1_safety,1,untranslated (EN→ES),spelling_punctuation,procedural,0.2294157338705618
Sonnet,c1_safety,1,untranslated (EN→ES),terminology,judgment,1.0841764600337107
Sonnet,c1_safety,1,untranslated (EN→ES),untranslated,judgment,0.0
Sonnet,c2_trust,0,abstraction (EN→EL),abstraction,judgment,0.3077935056255464
Sonnet,c2_trust,0,abstraction (EN→EL),addition,judgment,0.0
Sonnet,c2_trust,0,abstraction (EN→EL),do_not_translate,procedural,0.0
Sonnet,c2_trust,0,abstraction (EN→EL),fluency,judgment,0.0
Sonnet,c2_trust,0,abstraction (EN→EL),focus,judgment,0.0
Sonnet,c2_trust,0,abstraction (EN→EL),function_words,judgment,0.0
Sonnet,c2_trust,0,abstraction (EN→EL),grammar,procedural,0.0
Sonnet,c2_trust,0,abstraction (EN→EL),locale_conventions,procedural,0.0
Sonnet,c2_trust,0,abstraction (EN→EL),logical_operations,procedural,0.0
Sonnet,c2_trust,0,abstraction (EN→EL),mistranslation,judgment,0.0
Sonnet,c2_trust,0,abstraction (EN→EL),omission,judgment,0.30779350562554625
Sonnet,c2_trust,0,abstraction (EN→EL),redundancy,judgment,0.0
Sonnet,c2_trust,0,abstraction (EN→EL),referential_clarity,judgment,0.0
Sonnet,c2_trust,0,abstraction (EN→EL),spelling_punctuation,procedural,0.0
Sonnet,c2_trust,0,abstraction (EN→EL),terminology,judgment,0.0
Sonnet,c2_trust,0,abstraction (EN→EL),untranslated,judgment,0.0
Sonnet,c2_trust,0,func_words (EN→ES),abstraction,judgment,0.0
Sonnet,c2_trust,0,func_words (EN→ES),addition,judgment,0.0
Sonnet,c2_trust,0,func_words (EN→ES),do_not_translate,procedural,0.0
Sonnet,c2_trust,0,func_words (EN→ES),fluency,judgment,0.4701623459816273
Sonnet,c2_trust,0,func_words (EN→ES),focus,judgment,0.0
Sonnet,c2_trust,0,func_words (EN→ES),function_words,judgment,0.4442616583193193
Sonnet,c2_trust,0,func_words (EN→ES),grammar,procedural,0.6863327411532597
Sonnet,c2_trust,0,func_words (EN→ES),locale_conventions,procedural,0.0
Sonnet,c2_trust,0,func_words (EN→ES),logical_operations,procedural,0.0
Sonnet,c2_trust,0,func_words (EN→ES),mistranslation,judgment,0.0
Sonnet,c2_trust,0,func_words (EN→ES),omission,judgment,0.0
Sonnet,c2_trust,0,func_words (EN→ES),redundancy,judgment,0.0
Sonnet,c2_trust,0,func_words (EN→ES),referential_clarity,judgment,0.0
Sonnet,c2_trust,0,func_words (EN→ES),spelling_punctuation,procedural,0.0
Sonnet,c2_trust,0,func_words (EN→ES),terminology,judgment,0.0
Sonnet,c2_trust,0,func_words (EN→ES),untranslated,judgment,0.0
Sonnet,c2_trust,0,grammar (EN→EL),abstraction,judgment,0.0
Sonnet,c2_trust,0,grammar (EN→EL),addition,judgment,0.0
Sonnet,c2_trust,0,grammar (EN→EL),do_not_translate,procedural,0.0
Sonnet,c2_trust,0,grammar (EN→EL),fluency,judgment,0.760885910252682
Sonnet,c2_trust,0,grammar (EN→EL),focus,judgment,0.0
Sonnet,c2_trust,0,grammar (EN→EL),function_words,judgment,0.0
Sonnet,c2_trust,0,grammar (EN→EL),grammar,procedural,0.36634754853252327
Sonnet,c2_trust,0,grammar (EN→EL),locale_conventions,procedural,0.0
Sonnet,c2_trust,0,grammar (EN→EL),logical_operations,procedural,0.6708203932499369
Sonnet,c2_trust,0,grammar (EN→EL),mistranslation,judgment,1.3088765773505318
Sonnet,c2_trust,0,grammar (EN→EL),omission,judgment,0.0
Sonnet,c2_trust,0,grammar (EN→EL),redundancy,judgment,0.0
Sonnet,c2_trust,0,grammar (EN→EL),referential_clarity,judgment,0.0
Sonnet,c2_trust,0,grammar (EN→EL),spelling_punctuation,procedural,0.0
Sonnet,c2_trust,0,grammar (EN→EL),terminology,judgment,0.0
Sonnet,c2_trust,0,grammar (EN→EL),untranslated,judgment,0.0
Sonnet,c2_trust,0,locale_conv (EN→EL),abstraction,judgment,0.0
Sonnet,c2_trust,0,locale_conv (EN→EL),addition,judgment,0.0
Sonnet,c2_trust,0,locale_conv (EN→EL),do_not_translate,procedural,0.0
Sonnet,c2_trust,0,locale_conv (EN→EL),fluency,judgment,0.4893604849295928
Sonnet,c2_trust,0,locale_conv (EN→EL),focus,judgment,0.0
Sonnet,c2_trust,0,locale_conv (EN→EL),function_words,judgment,0.0
Sonnet,c2_trust,0,locale_conv (EN→EL),grammar,procedural,0.0
Sonnet,c2_trust,0,locale_conv (EN→EL),locale_conventions,procedural,0.512989176042577
Sonnet,c2_trust,0,locale_conv (EN→EL),logical_operations,procedural,0.0
Sonnet,c2_trust,0,locale_conv (EN→EL),mistranslation,judgment,0.0
Sonnet,c2_trust,0,locale_conv (EN→EL),omission,judgment,0.0
Sonnet,c2_trust,0,locale_conv (EN→EL),redundancy,judgment,0.0
Sonnet,c2_trust,0,locale_conv (EN→EL),referential_clarity,judgment,0.0
Sonnet,c2_trust,0,locale_conv (EN→EL),spelling_punctuation,procedural,0.36634754853252327
Sonnet,c2_trust,0,locale_conv (EN→EL),terminology,judgment,0.0
Sonnet,c2_trust,0,locale_conv (EN→EL),untranslated,judgment,0.0
Sonnet,c2_trust,0,mistranslation (EN→ES),abstraction,judgment,0.0
Sonnet,c2_trust,0,mistranslation (EN→ES),addition,judgment,1.2182817926554552
Sonnet,c2_trust,0,mistranslation (EN→ES),do_not_translate,procedural,0.0
Sonnet,c2_trust,0,mistranslation (EN→ES),fluency,judgment,0.3077935056255462
Sonnet,c2_trust,0,mistranslation (EN→ES),focus,judgment,0.0
Sonnet,c2_trust,0,mistranslation (EN→ES),function_words,judgment,0.0
Sonnet,c2_trust,0,mistranslation (EN→ES),grammar,procedural,0.0
Sonnet,c2_trust,0,mistranslation (EN→ES),locale_conventions,procedural,0.0
Sonnet,c2_trust,0,mistranslation (EN→ES),logical_operations,procedural,0.0
Sonnet,c2_trust,0,mistranslation (EN→ES),mistranslation,judgment,1.268027892769755
Sonnet,c2_trust,0,mistranslation (EN→ES),omission,judgment,0.8013147091860318
Sonnet,c2_trust,0,mistranslation (EN→ES),redundancy,judgment,0.0
Sonnet,c2_trust,0,mistranslation (EN→ES),referential_clarity,judgment,0.0
Sonnet,c2_trust,0,mistranslation (EN→ES),spelling_punctuation,procedural,0.0
Sonnet,c2_trust,0,mistranslation (EN→ES),terminology,judgment,0.0
Sonnet,c2_trust,0,mistranslation (EN→ES),untranslated,judgment,0.0
Sonnet,c2_trust,0,omission (EN→EL),abstraction,judgment,0.0
Sonnet,c2_trust,0,omission (EN→EL),addition,judgment,0.0
Sonnet,c2_trust,0,omission (EN→EL),do_not_translate,procedural,0.0
Sonnet,c2_trust,0,omission (EN→EL),fluency,judgment,0.5712405705774793
Sonnet,c2_trust,0,omission (EN→EL),focus,judgment,0.0
Sonnet,c2_trust,0,omission (EN→EL),function_words,judgment,0.0
Sonnet,c2_trust,0,omission (EN→EL),grammar,procedural,0.223606797749979
Sonnet,c2_trust,0,omission (EN→EL),locale_conventions,procedural,0.0
Sonnet,c2_trust,0,omission (EN→EL),logical_operations,procedural,0.0
Sonnet,c2_trust,0,omission (EN→EL),mistranslation,judgment,0.0
Sonnet,c2_trust,0,omission (EN→EL),omission,judgment,0.4701623459816272
Sonnet,c2_trust,0,omission (EN→EL),redundancy,judgment,0.0
Sonnet,c2_trust,0,omission (EN→EL),referential_clarity,judgment,0.0
Sonnet,c2_trust,0,omission (EN→EL),spelling_punctuation,procedural,0.3077935056255462
Sonnet,c2_trust,0,omission (EN→EL),terminology,judgment,0.0
Sonnet,c2_trust,0,omission (EN→EL),untranslated,judgment,0.0
Sonnet,c2_trust,0,omission (EN→ES),abstraction,judgment,0.0
Sonnet,c2_trust,0,omission (EN→ES),addition,judgment,0.0
Sonnet,c2_trust,0,omission (EN→ES),do_not_translate,procedural,0.0
Sonnet,c2_trust,0,omission (EN→ES),fluency,judgment,0.0
Sonnet,c2_trust,0,omission (EN→ES),focus,judgment,0.0
Sonnet,c2_trust,0,omission (EN→ES),function_words,judgment,0.0
Sonnet,c2_trust,0,omission (EN→ES),grammar,procedural,0.0
Sonnet,c2_trust,0,omission (EN→ES),locale_conventions,procedural,0.0
Sonnet,c2_trust,0,omission (EN→ES),logical_operations,procedural,0.0
Sonnet,c2_trust,0,omission (EN→ES),mistranslation,judgment,0.0
Sonnet,c2_trust,0,omission (EN→ES),omission,judgment,0.4701623459816272
Sonnet,c2_trust,0,omission (EN→ES),redundancy,judgment,0.0
Sonnet,c2_trust,0,omission (EN→ES),referential_clarity,judgment,0.0
Sonnet,c2_trust,0,omission (EN→ES),spelling_punctuation,procedural,0.0
Sonnet,c2_trust,0,omission (EN→ES),terminology,judgment,0.0
Sonnet,c2_trust,0,omission (EN→ES),untranslated,judgment,0.0
Sonnet,c2_trust,0,redundancy (EN→ES),abstraction,judgment,0.0
Sonnet,c2_trust,0,redundancy (EN→ES),addition,judgment,0.7591546545162482
Sonnet,c2_trust,0,redundancy (EN→ES),do_not_translate,procedural,0.0
Sonnet,c2_trust,0,redundancy (EN→ES),fluency,judgment,0.5982430416161189
Sonnet,c2_trust,0,redundancy (EN→ES),focus,judgment,0.0
Sonnet,c2_trust,0,redundancy (EN→ES),function_words,judgment,0.0
Sonnet,c2_trust,0,redundancy (EN→ES),grammar,procedural,0.0
Sonnet,c2_trust,0,redundancy (EN→ES),locale_conventions,procedural,0.0
Sonnet,c2_trust,0,redundancy (EN→ES),logical_operations,procedural,0.0
Sonnet,c2_trust,0,redundancy (EN→ES),mistranslation,judgment,0.0
Sonnet,c2_trust,0,redundancy (EN→ES),omission,judgment,0.0
Sonnet,c2_trust,0,redundancy (EN→ES),redundancy,judgment,0.5104177855340407
Sonnet,c2_trust,0,redundancy (EN→ES),referential_clarity,judgment,0.0
Sonnet,c2_trust,0,redundancy (EN→ES),spelling_punctuation,procedural,0.0
Sonnet,c2_trust,0,redundancy (EN→ES),terminology,judgment,0.0
Sonnet,c2_trust,0,redundancy (EN→ES),untranslated,judgment,0.0
Sonnet,c2_trust,0,ref_clarity (EN→EL),abstraction,judgment,0.0
Sonnet,c2_trust,0,ref_clarity (EN→EL),addition,judgment,0.0
Sonnet,c2_trust,0,ref_clarity (EN→EL),do_not_translate,procedural,0.0
Sonnet,c2_trust,0,ref_clarity (EN→EL),fluency,judgment,0.4103913408340618
Sonnet,c2_trust,0,ref_clarity (EN→EL),focus,judgment,0.0
Sonnet,c2_trust,0,ref_clarity (EN→EL),function_words,judgment,0.0
Sonnet,c2_trust,0,ref_clarity (EN→EL),grammar,procedural,0.0
Sonnet,c2_trust,0,ref_clarity (EN→EL),locale_conventions,procedural,0.0
Sonnet,c2_trust,0,ref_clarity (EN→EL),logical_operations,procedural,0.0
Sonnet,c2_trust,0,ref_clarity (EN→EL),mistranslation,judgment,0.4893604849295929
Sonnet,c2_trust,0,ref_clarity (EN→EL),omission,judgment,0.0
Sonnet,c2_trust,0,ref_clarity (EN→EL),redundancy,judgment,0.0
Sonnet,c2_trust,0,ref_clarity (EN→EL),referential_clarity,judgment,0.827170191868511
Sonnet,c2_trust,0,ref_clarity (EN→EL),spelling_punctuation,procedural,0.0
Sonnet,c2_trust,0,ref_clarity (EN→EL),terminology,judgment,0.0
Sonnet,c2_trust,0,ref_clarity (EN→EL),untranslated,judgment,0.0
Sonnet,c2_trust,0,ref_clarity (EN→ES),abstraction,judgment,0.0
Sonnet,c2_trust,0,ref_clarity (EN→ES),addition,judgment,0.0
Sonnet,c2_trust,0,ref_clarity (EN→ES),do_not_translate,procedural,0.0
Sonnet,c2_trust,0,ref_clarity (EN→ES),fluency,judgment,0.0
Sonnet,c2_trust,0,ref_clarity (EN→ES),focus,judgment,0.0
Sonnet,c2_trust,0,ref_clarity (EN→ES),function_words,judgment,0.0
Sonnet,c2_trust,0,ref_clarity (EN→ES),grammar,procedural,0.0
Sonnet,c2_trust,0,ref_clarity (EN→ES),locale_conventions,procedural,0.0
Sonnet,c2_trust,0,ref_clarity (EN→ES),logical_operations,procedural,0.0
Sonnet,c2_trust,0,ref_clarity (EN→ES),mistranslation,judgment,0.30779350562554625
Sonnet,c2_trust,0,ref_clarity (EN→ES),omission,judgment,0.0
Sonnet,c2_trust,0,ref_clarity (EN→ES),redundancy,judgment,0.0
Sonnet,c2_trust,0,ref_clarity (EN→ES),referential_clarity,judgment,0.3077935056255462
Sonnet,c2_trust,0,ref_clarity (EN→ES),spelling_punctuation,procedural,0.0
Sonnet,c2_trust,0,ref_clarity (EN→ES),terminology,judgment,0.0
Sonnet,c2_trust,0,ref_clarity (EN→ES),untranslated,judgment,0.0
Sonnet,c2_trust,0,untranslated (EN→ES),abstraction,judgment,0.0
Sonnet,c2_trust,0,untranslated (EN→ES),addition,judgment,0.0
Sonnet,c2_trust,0,untranslated (EN→ES),do_not_translate,procedural,0.0
Sonnet,c2_trust,0,untranslated (EN→ES),fluency,judgment,0.48936048492959283
Sonnet,c2_trust,0,untranslated (EN→ES),focus,judgment,0.0
Sonnet,c2_trust,0,untranslated (EN→ES),function_words,judgment,0.0
Sonnet,c2_trust,0,untranslated (EN→ES),grammar,procedural,0.0
Sonnet,c2_trust,0,untranslated (EN→ES),locale_conventions,procedural,0.0
Sonnet,c2_trust,0,untranslated (EN→ES),logical_operations,procedural,0.0
Sonnet,c2_trust,0,untranslated (EN→ES),mistranslation,judgment,0.0
Sonnet,c2_trust,0,untranslated (EN→ES),omission,judgment,0.0
Sonnet,c2_trust,0,untranslated (EN→ES),redundancy,judgment,0.0
Sonnet,c2_trust,0,untranslated (EN→ES),referential_clarity,judgment,0.0
Sonnet,c2_trust,0,untranslated (EN→ES),spelling_punctuation,procedural,0.0
Sonnet,c2_trust,0,untranslated (EN→ES),terminology,judgment,0.9947229183096801
Sonnet,c2_trust,0,untranslated (EN→ES),untranslated,judgment,0.30779350562554625
Sonnet,c2_trust,1,abstraction (EN→EL),abstraction,judgment,0.0
Sonnet,c2_trust,1,abstraction (EN→EL),addition,judgment,0.0
Sonnet,c2_trust,1,abstraction (EN→EL),do_not_translate,procedural,0.0
Sonnet,c2_trust,1,abstraction (EN→EL),fluency,judgment,0.0
Sonnet,c2_trust,1,abstraction (EN→EL),focus,judgment,0.0
Sonnet,c2_trust,1,abstraction (EN→EL),function_words,judgment,0.0
Sonnet,c2_trust,1,abstraction (EN→EL),grammar,procedural,0.0
Sonnet,c2_trust,1,abstraction (EN→EL),locale_conventions,procedural,0.0
Sonnet,c2_trust,1,abstraction (EN→EL),logical_operations,procedural,0.0
Sonnet,c2_trust,1,abstraction (EN→EL),mistranslation,judgment,0.0
Sonnet,c2_trust,1,abstraction (EN→EL),omission,judgment,0.2357022603955158
Sonnet,c2_trust,1,abstraction (EN→EL),redundancy,judgment,0.0
Sonnet,c2_trust,1,abstraction (EN→EL),referential_clarity,judgment,0.0
Sonnet,c2_trust,1,abstraction (EN→EL),spelling_punctuation,procedural,0.0
Sonnet,c2_trust,1,abstraction (EN→EL),terminology,judgment,0.0
Sonnet,c2_trust,1,abstraction (EN→EL),untranslated,judgment,0.0
Sonnet,c2_trust,1,func_words (EN→ES),abstraction,judgment,0.0
Sonnet,c2_trust,1,func_words (EN→ES),addition,judgment,0.0
Sonnet,c2_trust,1,func_words (EN→ES),do_not_translate,procedural,0.0
Sonnet,c2_trust,1,func_words (EN→ES),fluency,judgment,0.5016313257045503
Sonnet,c2_trust,1,func_words (EN→ES),focus,judgment,0.0
Sonnet,c2_trust,1,func_words (EN→ES),function_words,judgment,0.42779263194649864
Sonnet,c2_trust,1,func_words (EN→ES),grammar,procedural,0.2357022603955158
Sonnet,c2_trust,1,func_words (EN→ES),locale_conventions,procedural,0.0
Sonnet,c2_trust,1,func_words (EN→ES),logical_operations,procedural,0.0
Sonnet,c2_trust,1,func_words (EN→ES),mistranslation,judgment,0.0
Sonnet,c2_trust,1,func_words (EN→ES),omission,judgment,0.0
Sonnet,c2_trust,1,func_words (EN→ES),redundancy,judgment,0.0
Sonnet,c2_trust,1,func_words (EN→ES),referential_clarity,judgment,0.0
Sonnet,c2_trust,1,func_words (EN→ES),spelling_punctuation,procedural,0.0
Sonnet,c2_trust,1,func_words (EN→ES),terminology,judgment,0.0
Sonnet,c2_trust,1,func_words (EN→ES),untranslated,judgment,0.0
Sonnet,c2_trust,1,grammar (EN→EL),abstraction,judgment,0.0
Sonnet,c2_trust,1,grammar (EN→EL),addition,judgment,0.0
Sonnet,c2_trust,1,grammar (EN→EL),do_not_translate,procedural,0.0
Sonnet,c2_trust,1,grammar (EN→EL),fluency,judgment,0.5745131499601417
Sonnet,c2_trust,1,grammar (EN→EL),focus,judgment,0.0
Sonnet,c2_trust,1,grammar (EN→EL),function_words,judgment,0.0
Sonnet,c2_trust,1,grammar (EN→EL),grammar,procedural,0.8323523637957303
Sonnet,c2_trust,1,grammar (EN→EL),locale_conventions,procedural,0.0
Sonnet,c2_trust,1,grammar (EN→EL),logical_operations,procedural,0.9701425001453319
Sonnet,c2_trust,1,grammar (EN→EL),mistranslation,judgment,1.137592917989042
Sonnet,c2_trust,1,grammar (EN→EL),omission,judgment,0.0
Sonnet,c2_trust,1,grammar (EN→EL),redundancy,judgment,0.0
Sonnet,c2_trust,1,grammar (EN→EL),referential_clarity,judgment,0.0
Sonnet,c2_trust,1,grammar (EN→EL),spelling_punctuation,procedural,0.0
Sonnet,c2_trust,1,grammar (EN→EL),terminology,judgment,0.0
Sonnet,c2_trust,1,grammar (EN→EL),untranslated,judgment,0.0
Sonnet,c2_trust,1,locale_conv (EN→EL),abstraction,judgment,0.0
Sonnet,c2_trust,1,locale_conv (EN→EL),addition,judgment,0.0
Sonnet,c2_trust,1,locale_conv (EN→EL),do_not_translate,procedural,0.0
Sonnet,c2_trust,1,locale_conv (EN→EL),fluency,judgment,0.3834824944236854
Sonnet,c2_trust,1,locale_conv (EN→EL),focus,judgment,0.0
Sonnet,c2_trust,1,locale_conv (EN→EL),function_words,judgment,0.0
Sonnet,c2_trust,1,locale_conv (EN→EL),grammar,procedural,0.0
Sonnet,c2_trust,1,locale_conv (EN→EL),locale_conventions,procedural,0.4608885989624767
Sonnet,c2_trust,1,locale_conv (EN→EL),logical_operations,procedural,0.0
Sonnet,c2_trust,1,locale_conv (EN→EL),mistranslation,judgment,0.0
Sonnet,c2_trust,1,locale_conv (EN→EL),omission,judgment,0.0
Sonnet,c2_trust,1,locale_conv (EN→EL),redundancy,judgment,0.0
Sonnet,c2_trust,1,locale_conv (EN→EL),referential_clarity,judgment,0.0
Sonnet,c2_trust,1,locale_conv (EN→EL),spelling_punctuation,procedural,0.32338083338177737
Sonnet,c2_trust,1,locale_conv (EN→EL),terminology,judgment,0.0
Sonnet,c2_trust,1,locale_conv (EN→EL),untranslated,judgment,0.0
Sonnet,c2_trust,1,mistranslation (EN→ES),abstraction,judgment,0.0
Sonnet,c2_trust,1,mistranslation (EN→ES),addition,judgment,0.9835244081556432
Sonnet,c2_trust,1,mistranslation (EN→ES),do_not_translate,procedural,0.0
Sonnet,c2_trust,1,mistranslation (EN→ES),fluency,judgment,0.32338083338177726
Sonnet,c2_trust,1,mistranslation (EN→ES),focus,judgment,0.0
Sonnet,c2_trust,1,mistranslation (EN→ES),function_words,judgment,0.0
Sonnet,c2_trust,1,mistranslation (EN→ES),grammar,procedural,0.0
Sonnet,c2_trust,1,mistranslation (EN→ES),locale_conventions,procedural,0.0
Sonnet,c2_trust,1,mistranslation (EN→ES),logical_operations,procedural,0.0
Sonnet,c2_trust,1,mistranslation (EN→ES),mistranslation,judgment,1.3345582608616182
Sonnet,c2_trust,1,mistranslation (EN→ES),omission,judgment,0.7583952786593615
Sonnet,c2_trust,1,mistranslation (EN→ES),redundancy,judgment,0.0
Sonnet,c2_trust,1,mistranslation (EN→ES),referential_clarity,judgment,0.0
Sonnet,c2_trust,1,mistranslation (EN→ES),spelling_punctuation,procedural,0.0
Sonnet,c2_trust,1,mistranslation (EN→ES),terminology,judgment,0.23570226039551587
Sonnet,c2_trust,1,mistranslation (EN→ES),untranslated,judgment,0.0
Sonnet,c2_trust,1,omission (EN→EL),abstraction,judgment,0.0
Sonnet,c2_trust,1,omission (EN→EL),addition,judgment,0.0
Sonnet,c2_trust,1,omission (EN→EL),do_not_translate,procedural,0.0
Sonnet,c2_trust,1,omission (EN→EL),fluency,judgment,0.5940885257860047
Sonnet,c2_trust,1,omission (EN→EL),focus,judgment,0.0
Sonnet,c2_trust,1,omission (EN→EL),function_words,judgment,0.0
Sonnet,c2_trust,1,omission (EN→EL),grammar,procedural,0.5144957554275267
Sonnet,c2_trust,1,omission (EN→EL),locale_conventions,procedural,0.0
Sonnet,c2_trust,1,omission (EN→EL),logical_operations,procedural,0.0
Sonnet,c2_trust,1,omission (EN→EL),mistranslation,judgment,0.0
Sonnet,c2_trust,1,omission (EN→EL),omission,judgment,0.3834824944236853
Sonnet,c2_trust,1,omission (EN→EL),redundancy,judgment,0.0
Sonnet,c2_trust,1,omission (EN→EL),referential_clarity,judgment,0.0
Sonnet,c2_trust,1,omission (EN→EL),spelling_punctuation,procedural,0.46088859896247686
Sonnet,c2_trust,1,omission (EN→EL),terminology,judgment,0.0
Sonnet,c2_trust,1,omission (EN→EL),untranslated,judgment,0.0
Sonnet,c2_trust,1,omission (EN→ES),abstraction,judgment,0.0
Sonnet,c2_trust,1,omission (EN→ES),addition,judgment,0.0
Sonnet,c2_trust,1,omission (EN→ES),do_not_translate,procedural,0.0
Sonnet,c2_trust,1,omission (EN→ES),fluency,judgment,0.0
Sonnet,c2_trust,1,omission (EN→ES),focus,judgment,0.0
Sonnet,c2_trust,1,omission (EN→ES),function_words,judgment,0.0
Sonnet,c2_trust,1,omission (EN→ES),grammar,procedural,0.0
Sonnet,c2_trust,1,omission (EN→ES),locale_conventions,procedural,0.0
Sonnet,c2_trust,1,omission (EN→ES),logical_operations,procedural,0.0
Sonnet,c2_trust,1,omission (EN→ES),mistranslation,judgment,0.0
Sonnet,c2_trust,1,omission (EN→ES),omission,judgment,0.3834824944236853
Sonnet,c2_trust,1,omission (EN→ES),redundancy,judgment,0.0
Sonnet,c2_trust,1,omission (EN→ES),referential_clarity,judgment,0.0
Sonnet,c2_trust,1,omission (EN→ES),spelling_punctuation,procedural,0.0
Sonnet,c2_trust,1,omission (EN→ES),terminology,judgment,0.0
Sonnet,c2_trust,1,omission (EN→ES),untranslated,judgment,0.0
Sonnet,c2_trust,1,redundancy (EN→ES),abstraction,judgment,0.0
Sonnet,c2_trust,1,redundancy (EN→ES),addition,judgment,0.9074852129730301
Sonnet,c2_trust,1,redundancy (EN→ES),do_not_translate,procedural,0.0
Sonnet,c2_trust,1,redundancy (EN→ES),fluency,judgment,0.46088859896247686
Sonnet,c2_trust,1,redundancy (EN→ES),focus,judgment,0.0
Sonnet,c2_trust,1,redundancy (EN→ES),function_words,judgment,0.0
Sonnet,c2_trust,1,redundancy (EN→ES),grammar,procedural,0.0
Sonnet,c2_trust,1,redundancy (EN→ES),locale_conventions,procedural,0.0
Sonnet,c2_trust,1,redundancy (EN→ES),logical_operations,procedural,0.0
Sonnet,c2_trust,1,redundancy (EN→ES),mistranslation,judgment,0.0
Sonnet,c2_trust,1,redundancy (EN→ES),omission,judgment,0.0
Sonnet,c2_trust,1,redundancy (EN→ES),redundancy,judgment,0.5144957554275265
Sonnet,c2_trust,1,redundancy (EN→ES),referential_clarity,judgment,0.0
Sonnet,c2_trust,1,redundancy (EN→ES),spelling_punctuation,procedural,0.0
Sonnet,c2_trust,1,redundancy (EN→ES),terminology,judgment,0.0
Sonnet,c2_trust,1,redundancy (EN→ES),untranslated,judgment,0.0
Sonnet,c2_trust,1,ref_clarity (EN→EL),abstraction,judgment,0.0
Sonnet,c2_trust,1,ref_clarity (EN→EL),addition,judgment,0.0
Sonnet,c2_trust,1,ref_clarity (EN→EL),do_not_translate,procedural,0.0
Sonnet,c2_trust,1,ref_clarity (EN→EL),fluency,judgment,0.32338083338177737
Sonnet,c2_trust,1,ref_clarity (EN→EL),focus,judgment,0.0
Sonnet,c2_trust,1,ref_clarity (EN→EL),function_words,judgment,0.0
Sonnet,c2_trust,1,ref_clarity (EN→EL),grammar,procedural,0.0
Sonnet,c2_trust,1,ref_clarity (EN→EL),locale_conventions,procedural,0.0
Sonnet,c2_trust,1,ref_clarity (EN→EL),logical_operations,procedural,0.0
Sonnet,c2_trust,1,ref_clarity (EN→EL),mistranslation,judgment,0.6183469424008423
Sonnet,c2_trust,1,ref_clarity (EN→EL),omission,judgment,0.0
Sonnet,c2_trust,1,ref_clarity (EN→EL),redundancy,judgment,0.0
Sonnet,c2_trust,1,ref_clarity (EN→EL),referential_clarity,judgment,1.0846522890932808
Sonnet,c2_trust,1,ref_clarity (EN→EL),spelling_punctuation,procedural,0.0
Sonnet,c2_trust,1,ref_clarity (EN→EL),terminology,judgment,0.0
Sonnet,c2_trust,1,ref_clarity (EN→EL),untranslated,judgment,0.0
Sonnet,c2_trust,1,ref_clarity (EN→ES),abstraction,judgment,0.0
Sonnet,c2_trust,1,ref_clarity (EN→ES),addition,judgment,0.0
Sonnet,c2_trust,1,ref_clarity (EN→ES),do_not_translate,procedural,0.0
Sonnet,c2_trust,1,ref_clarity (EN→ES),fluency,judgment,0.0
Sonnet,c2_trust,1,ref_clarity (EN→ES),focus,judgment,0.0
Sonnet,c2_trust,1,ref_clarity (EN→ES),function_words,judgment,0.0
Sonnet,c2_trust,1,ref_clarity (EN→ES),grammar,procedural,0.0
Sonnet,c2_trust,1,ref_clarity (EN→ES),locale_conventions,procedural,0.0
Sonnet,c2_trust,1,ref_clarity (EN→ES),logical_operations,procedural,0.0
Sonnet,c2_trust,1,ref_clarity (EN→ES),mistranslation,judgment,0.4850712500726658
Sonnet,c2_trust,1,ref_clarity (EN→ES),omission,judgment,0.0
Sonnet,c2_trust,1,ref_clarity (EN→ES),redundancy,judgment,0.0
Sonnet,c2_trust,1,ref_clarity (EN→ES),referential_clarity,judgment,0.48507125007266577
Sonnet,c2_trust,1,ref_clarity (EN→ES),spelling_punctuation,procedural,0.0
Sonnet,c2_trust,1,ref_clarity (EN→ES),terminology,judgment,0.0
Sonnet,c2_trust,1,ref_clarity (EN→ES),untranslated,judgment,0.0
Sonnet,c2_trust,1,untranslated (EN→ES),abstraction,judgment,0.0
Sonnet,c2_trust,1,untranslated (EN→ES),addition,judgment,0.0
Sonnet,c2_trust,1,untranslated (EN→ES),do_not_translate,procedural,0.0
Sonnet,c2_trust,1,untranslated (EN→ES),fluency,judgment,0.6859943405700353
Sonnet,c2_trust,1,untranslated (EN→ES),focus,judgment,0.0
Sonnet,c2_trust,1,untranslated (EN→ES),function_words,judgment,0.0
Sonnet,c2_trust,1,untranslated (EN→ES),grammar,procedural,0.0
Sonnet,c2_trust,1,untranslated (EN→ES),locale_conventions,procedural,0.0
Sonnet,c2_trust,1,untranslated (EN→ES),logical_operations,procedural,0.0
Sonnet,c2_trust,1,untranslated (EN→ES),mistranslation,judgment,0.0
Sonnet,c2_trust,1,untranslated (EN→ES),omission,judgment,0.0
Sonnet,c2_trust,1,untranslated (EN→ES),redundancy,judgment,0.0
Sonnet,c2_trust,1,untranslated (EN→ES),referential_clarity,judgment,0.0
Sonnet,c2_trust,1,untranslated (EN→ES),spelling_punctuation,procedural,0.0
Sonnet,c2_trust,1,untranslated (EN→ES),terminology,judgment,1.0178151661369075
Sonnet,c2_trust,1,untranslated (EN→ES),untranslated,judgment,0.2357022603955158
Sonnet,c3_authorship,0,abstraction (EN→EL),abstraction,judgment,0.3153017676423058
Sonnet,c3_authorship,0,abstraction (EN→EL),addition,judgment,0.0
Sonnet,c3_authorship,0,abstraction (EN→EL),do_not_translate,procedural,0.0
Sonnet,c3_authorship,0,abstraction (EN→EL),fluency,judgment,0.0
Sonnet,c3_authorship,0,abstraction (EN→EL),focus,judgment,0.0
Sonnet,c3_authorship,0,abstraction (EN→EL),function_words,judgment,0.0
Sonnet,c3_authorship,0,abstraction (EN→EL),grammar,procedural,0.0
Sonnet,c3_authorship,0,abstraction (EN→EL),locale_conventions,procedural,0.0
Sonnet,c3_authorship,0,abstraction (EN→EL),logical_operations,procedural,0.0
Sonnet,c3_authorship,0,abstraction (EN→EL),mistranslation,judgment,0.0
Sonnet,c3_authorship,0,abstraction (EN→EL),omission,judgment,0.5619514869490163
Sonnet,c3_authorship,0,abstraction (EN→EL),redundancy,judgment,0.0
Sonnet,c3_authorship,0,abstraction (EN→EL),referential_clarity,judgment,0.0
Sonnet,c3_authorship,0,abstraction (EN→EL),spelling_punctuation,procedural,0.0
Sonnet,c3_authorship,0,abstraction (EN→EL),terminology,judgment,0.0
Sonnet,c3_authorship,0,abstraction (EN→EL),untranslated,judgment,0.0
Sonnet,c3_authorship,0,func_words (EN→ES),abstraction,judgment,0.0
Sonnet,c3_authorship,0,func_words (EN→ES),addition,judgment,0.0
Sonnet,c3_authorship,0,func_words (EN→ES),do_not_translate,procedural,0.0
Sonnet,c3_authorship,0,func_words (EN→ES),fluency,judgment,0.4955946277833521
Sonnet,c3_authorship,0,func_words (EN→ES),focus,judgment,0.0
Sonnet,c3_authorship,0,func_words (EN→ES),function_words,judgment,0.3333333333333334
Sonnet,c3_authorship,0,func_words (EN→ES),grammar,procedural,0.4775669329409192
Sonnet,c3_authorship,0,func_words (EN→ES),locale_conventions,procedural,0.0
Sonnet,c3_authorship,0,func_words (EN→ES),logical_operations,procedural,0.0
Sonnet,c3_authorship,0,func_words (EN→ES),mistranslation,judgment,0.0
Sonnet,c3_authorship,0,func_words (EN→ES),omission,judgment,0.0
Sonnet,c3_authorship,0,func_words (EN→ES),redundancy,judgment,0.0
Sonnet,c3_authorship,0,func_words (EN→ES),referential_clarity,judgment,0.0
Sonnet,c3_authorship,0,func_words (EN→ES),spelling_punctuation,procedural,0.0
Sonnet,c3_authorship,0,func_words (EN→ES),terminology,judgment,0.0
Sonnet,c3_authorship,0,func_words (EN→ES),untranslated,judgment,0.0
Sonnet,c3_authorship,0,grammar (EN→EL),abstraction,judgment,0.0
Sonnet,c3_authorship,0,grammar (EN→EL),addition,judgment,0.0
Sonnet,c3_authorship,0,grammar (EN→EL),do_not_translate,procedural,0.0
Sonnet,c3_authorship,0,grammar (EN→EL),fluency,judgment,0.22941573387056174
Sonnet,c3_authorship,0,grammar (EN→EL),focus,judgment,0.0
Sonnet,c3_authorship,0,grammar (EN→EL),function_words,judgment,0.0
Sonnet,c3_authorship,0,grammar (EN→EL),grammar,procedural,0.5353033790313109
Sonnet,c3_authorship,0,grammar (EN→EL),locale_conventions,procedural,0.0
Sonnet,c3_authorship,0,grammar (EN→EL),logical_operations,procedural,0.0
Sonnet,c3_authorship,0,grammar (EN→EL),mistranslation,judgment,1.3000224919331835
Sonnet,c3_authorship,0,grammar (EN→EL),omission,judgment,0.0
Sonnet,c3_authorship,0,grammar (EN→EL),redundancy,judgment,0.0
Sonnet,c3_authorship,0,grammar (EN→EL),referential_clarity,judgment,0.0
Sonnet,c3_authorship,0,grammar (EN→EL),spelling_punctuation,procedural,0.0
Sonnet,c3_authorship,0,grammar (EN→EL),terminology,judgment,0.0
Sonnet,c3_authorship,0,grammar (EN→EL),untranslated,judgment,0.0
Sonnet,c3_authorship,0,locale_conv (EN→EL),abstraction,judgment,0.0
Sonnet,c3_authorship,0,locale_conv (EN→EL),addition,judgment,0.0
Sonnet,c3_authorship,0,locale_conv (EN→EL),do_not_translate,procedural,0.0
Sonnet,c3_authorship,0,locale_conv (EN→EL),fluency,judgment,0.3153017676423058
Sonnet,c3_authorship,0,locale_conv (EN→EL),focus,judgment,0.0
Sonnet,c3_authorship,0,locale_conv (EN→EL),function_words,judgment,0.0
Sonnet,c3_authorship,0,locale_conv (EN→EL),grammar,procedural,0.0
Sonnet,c3_authorship,0,locale_conv (EN→EL),locale_conventions,procedural,0.3153017676423059
Sonnet,c3_authorship,0,locale_conv (EN→EL),logical_operations,procedural,0.0
Sonnet,c3_authorship,0,locale_conv (EN→EL),mistranslation,judgment,0.0
Sonnet,c3_authorship,0,locale_conv (EN→EL),omission,judgment,0.0
Sonnet,c3_authorship,0,locale_conv (EN→EL),redundancy,judgment,0.0
Sonnet,c3_authorship,0,locale_conv (EN→EL),referential_clarity,judgment,0.0
Sonnet,c3_authorship,0,locale_conv (EN→EL),spelling_punctuation,procedural,0.2294157338705618
Sonnet,c3_authorship,0,locale_conv (EN→EL),terminology,judgment,0.0
Sonnet,c3_authorship,0,locale_conv (EN→EL),untranslated,judgment,0.0
Sonnet,c3_authorship,0,mistranslation (EN→ES),abstraction,judgment,0.0
Sonnet,c3_authorship,0,mistranslation (EN→ES),addition,judgment,1.0975784083941789
Sonnet,c3_authorship,0,mistranslation (EN→ES),do_not_translate,procedural,0.0
Sonnet,c3_authorship,0,mistranslation (EN→ES),fluency,judgment,0.22941573387056177
Sonnet,c3_authorship,0,mistranslation (EN→ES),focus,judgment,0.0
Sonnet,c3_authorship,0,mistranslation (EN→ES),function_words,judgment,0.0
Sonnet,c3_authorship,0,mistranslation (EN→ES),grammar,procedural,0.0
Sonnet,c3_authorship,0,mistranslation (EN→ES),locale_conventions,procedural,0.0
Sonnet,c3_authorship,0,mistranslation (EN→ES),logical_operations,procedural,0.0
Sonnet,c3_authorship,0,mistranslation (EN→ES),mistranslation,judgment,1.26814318375447
Sonnet,c3_authorship,0,mistranslation (EN→ES),omission,judgment,1.1160708020048369
Sonnet,c3_authorship,0,mistranslation (EN→ES),redundancy,judgment,0.0
Sonnet,c3_authorship,0,mistranslation (EN→ES),referential_clarity,judgment,0.0
Sonnet,c3_authorship,0,mistranslation (EN→ES),spelling_punctuation,procedural,0.0
Sonnet,c3_authorship,0,mistranslation (EN→ES),terminology,judgment,0.0
Sonnet,c3_authorship,0,mistranslation (EN→ES),untranslated,judgment,0.0
Sonnet,c3_authorship,0,omission (EN→EL),abstraction,judgment,0.0
Sonnet,c3_authorship,0,omission (EN→EL),addition,judgment,0.0
Sonnet,c3_authorship,0,omission (EN→EL),do_not_translate,procedural,0.0
Sonnet,c3_authorship,0,omission (EN→EL),fluency,judgment,0.37463432463267765
Sonnet,c3_authorship,0,omission (EN→EL),focus,judgment,0.0
Sonnet,c3_authorship,0,omission (EN→EL),function_words,judgment,0.0
Sonnet,c3_authorship,0,omission (EN→EL),grammar,procedural,0.0
Sonnet,c3_authorship,0,omission (EN→EL),locale_conventions,procedural,0.0
Sonnet,c3_authorship,0,omission (EN→EL),logical_operations,procedural,0.0
Sonnet,c3_authorship,0,omission (EN→EL),mistranslation,judgment,0.0
Sonnet,c3_authorship,0,omission (EN→EL),omission,judgment,0.452413928358864
Sonnet,c3_authorship,0,omission (EN→EL),redundancy,judgment,0.0
Sonnet,c3_authorship,0,omission (EN→EL),referential_clarity,judgment,0.0
Sonnet,c3_authorship,0,omission (EN→EL),spelling_punctuation,procedural,0.3153017676423058
Sonnet,c3_authorship,0,omission (EN→EL),terminology,judgment,0.0
Sonnet,c3_authorship,0,omission (EN→EL),untranslated,judgment,0.0
Sonnet,c3_authorship,0,omission (EN→ES),abstraction,judgment,0.0
Sonnet,c3_authorship,0,omission (EN→ES),addition,judgment,0.0
Sonnet,c3_authorship,0,omission (EN→ES),do_not_translate,procedural,0.0
Sonnet,c3_authorship,0,omission (EN→ES),fluency,judgment,0.0
Sonnet,c3_authorship,0,omission (EN→ES),focus,judgment,0.0
Sonnet,c3_authorship,0,omission (EN→ES),function_words,judgment,0.0
Sonnet,c3_authorship,0,omission (EN→ES),grammar,procedural,0.0
Sonnet,c3_authorship,0,omission (EN→ES),locale_conventions,procedural,0.0
Sonnet,c3_authorship,0,omission (EN→ES),logical_operations,procedural,0.0
Sonnet,c3_authorship,0,omission (EN→ES),mistranslation,judgment,0.0
Sonnet,c3_authorship,0,omission (EN→ES),omission,judgment,0.452413928358864
Sonnet,c3_authorship,0,omission (EN→ES),redundancy,judgment,0.0
Sonnet,c3_authorship,0,omission (EN→ES),referential_clarity,judgment,0.0
Sonnet,c3_authorship,0,omission (EN→ES),spelling_punctuation,procedural,0.0
Sonnet,c3_authorship,0,omission (EN→ES),terminology,judgment,0.0
Sonnet,c3_authorship,0,omission (EN→ES),untranslated,judgment,0.0
Sonnet,c3_authorship,0,redundancy (EN→ES),abstraction,judgment,0.0
Sonnet,c3_authorship,0,redundancy (EN→ES),addition,judgment,0.501459857121279
Sonnet,c3_authorship,0,redundancy (EN→ES),do_not_translate,procedural,0.0
Sonnet,c3_authorship,0,redundancy (EN→ES),fluency,judgment,0.6069769786668839
Sonnet,c3_authorship,0,redundancy (EN→ES),focus,judgment,0.0
Sonnet,c3_authorship,0,redundancy (EN→ES),function_words,judgment,0.0
Sonnet,c3_authorship,0,redundancy (EN→ES),grammar,procedural,0.0
Sonnet,c3_authorship,0,redundancy (EN→ES),locale_conventions,procedural,0.0
Sonnet,c3_authorship,0,redundancy (EN→ES),logical_operations,procedural,0.0
Sonnet,c3_authorship,0,redundancy (EN→ES),mistranslation,judgment,0.0
Sonnet,c3_authorship,0,redundancy (EN→ES),omission,judgment,0.0
Sonnet,c3_authorship,0,redundancy (EN→ES),redundancy,judgment,0.5129891760425771
Sonnet,c3_authorship,0,redundancy (EN→ES),referential_clarity,judgment,0.0
Sonnet,c3_authorship,0,redundancy (EN→ES),spelling_punctuation,procedural,0.0
Sonnet,c3_authorship,0,redundancy (EN→ES),terminology,judgment,0.0
Sonnet,c3_authorship,0,redundancy (EN→ES),untranslated,judgment,0.0
Sonnet,c3_authorship,0,ref_clarity (EN→EL),abstraction,judgment,0.0
Sonnet,c3_authorship,0,ref_clarity (EN→EL),addition,judgment,0.0
Sonnet,c3_authorship,0,ref_clarity (EN→EL),do_not_translate,procedural,0.0
Sonnet,c3_authorship,0,ref_clarity (EN→EL),fluency,judgment,0.31530176764230583
Sonnet,c3_authorship,0,ref_clarity (EN→EL),focus,judgment,0.0
Sonnet,c3_authorship,0,ref_clarity (EN→EL),function_words,judgment,0.0
Sonnet,c3_authorship,0,ref_clarity (EN→EL),grammar,procedural,0.0
Sonnet,c3_authorship,0,ref_clarity (EN→EL),locale_conventions,procedural,0.0
Sonnet,c3_authorship,0,ref_clarity (EN→EL),logical_operations,procedural,0.0
Sonnet,c3_authorship,0,ref_clarity (EN→EL),mistranslation,judgment,0.41885390829169544
Sonnet,c3_authorship,0,ref_clarity (EN→EL),omission,judgment,0.0
Sonnet,c3_authorship,0,ref_clarity (EN→EL),redundancy,judgment,0.0
Sonnet,c3_authorship,0,ref_clarity (EN→EL),referential_clarity,judgment,0.901590537370498
Sonnet,c3_authorship,0,ref_clarity (EN→EL),spelling_punctuation,procedural,0.0
Sonnet,c3_authorship,0,ref_clarity (EN→EL),terminology,judgment,0.0
Sonnet,c3_authorship,0,ref_clarity (EN→EL),untranslated,judgment,0.0
Sonnet,c3_authorship,0,ref_clarity (EN→ES),abstraction,judgment,0.0
Sonnet,c3_authorship,0,ref_clarity (EN→ES),addition,judgment,0.0
Sonnet,c3_authorship,0,ref_clarity (EN→ES),do_not_translate,procedural,0.0
Sonnet,c3_authorship,0,ref_clarity (EN→ES),fluency,judgment,0.0
Sonnet,c3_authorship,0,ref_clarity (EN→ES),focus,judgment,0.0
Sonnet,c3_authorship,0,ref_clarity (EN→ES),function_words,judgment,0.0
Sonnet,c3_authorship,0,ref_clarity (EN→ES),grammar,procedural,0.0
Sonnet,c3_authorship,0,ref_clarity (EN→ES),locale_conventions,procedural,0.0
Sonnet,c3_authorship,0,ref_clarity (EN→ES),logical_operations,procedural,0.0
Sonnet,c3_authorship,0,ref_clarity (EN→ES),mistranslation,judgment,0.5129891760425769
Sonnet,c3_authorship,0,ref_clarity (EN→ES),omission,judgment,0.0
Sonnet,c3_authorship,0,ref_clarity (EN→ES),redundancy,judgment,0.0
Sonnet,c3_authorship,0,ref_clarity (EN→ES),referential_clarity,judgment,0.5129891760425771
Sonnet,c3_authorship,0,ref_clarity (EN→ES),spelling_punctuation,procedural,0.0
Sonnet,c3_authorship,0,ref_clarity (EN→ES),terminology,judgment,0.0
Sonnet,c3_authorship,0,ref_clarity (EN→ES),untranslated,judgment,0.0
Sonnet,c3_authorship,0,untranslated (EN→ES),abstraction,judgment,0.0
Sonnet,c3_authorship,0,untranslated (EN→ES),addition,judgment,0.0
Sonnet,c3_authorship,0,untranslated (EN→ES),do_not_translate,procedural,0.0
Sonnet,c3_authorship,0,untranslated (EN→ES),fluency,judgment,0.6839855680567695
Sonnet,c3_authorship,0,untranslated (EN→ES),focus,judgment,0.0
Sonnet,c3_authorship,0,untranslated (EN→ES),function_words,judgment,0.0
Sonnet,c3_authorship,0,untranslated (EN→ES),grammar,procedural,0.0
Sonnet,c3_authorship,0,untranslated (EN→ES),locale_conventions,procedural,0.0
Sonnet,c3_authorship,0,untranslated (EN→ES),logical_operations,procedural,0.0
Sonnet,c3_authorship,0,untranslated (EN→ES),mistranslation,judgment,0.0
Sonnet,c3_authorship,0,untranslated (EN→ES),omission,judgment,0.0
Sonnet,c3_authorship,0,untranslated (EN→ES),redundancy,judgment,0.0
Sonnet,c3_authorship,0,untranslated (EN→ES),referential_clarity,judgment,0.0
Sonnet,c3_authorship,0,untranslated (EN→ES),spelling_punctuation,procedural,0.0
Sonnet,c3_authorship,0,untranslated (EN→ES),terminology,judgment,0.6306035352846115
Sonnet,c3_authorship,0,untranslated (EN→ES),untranslated,judgment,0.3153017676423058
Sonnet,c3_authorship,1,abstraction (EN→EL),abstraction,judgment,0.4701623459816272
Sonnet,c3_authorship,1,abstraction (EN→EL),addition,judgment,0.0
Sonnet,c3_authorship,1,abstraction (EN→EL),do_not_translate,procedural,0.0
Sonnet,c3_authorship,1,abstraction (EN→EL),fluency,judgment,0.0
Sonnet,c3_authorship,1,abstraction (EN→EL),focus,judgment,0.0
Sonnet,c3_authorship,1,abstraction (EN→EL),function_words,judgment,0.0
Sonnet,c3_authorship,1,abstraction (EN→EL),grammar,procedural,0.0
Sonnet,c3_authorship,1,abstraction (EN→EL),locale_conventions,procedural,0.0
Sonnet,c3_authorship,1,abstraction (EN→EL),logical_operations,procedural,0.0
Sonnet,c3_authorship,1,abstraction (EN→EL),mistranslation,judgment,0.0
Sonnet,c3_authorship,1,abstraction (EN→EL),omission,judgment,0.670820393249937
Sonnet,c3_authorship,1,abstraction (EN→EL),redundancy,judgment,0.0
Sonnet,c3_authorship,1,abstraction (EN→EL),referential_clarity,judgment,0.0
Sonnet,c3_authorship,1,abstraction (EN→EL),spelling_punctuation,procedural,0.0
Sonnet,c3_authorship,1,abstraction (EN→EL),terminology,judgment,0.0
Sonnet,c3_authorship,1,abstraction (EN→EL),untranslated,judgment,0.0
Sonnet,c3_authorship,1,func_words (EN→ES),abstraction,judgment,0.0
Sonnet,c3_authorship,1,func_words (EN→ES),addition,judgment,0.0
Sonnet,c3_authorship,1,func_words (EN→ES),do_not_translate,procedural,0.0
Sonnet,c3_authorship,1,func_words (EN→ES),fluency,judgment,0.512989176042577
Sonnet,c3_authorship,1,func_words (EN→ES),focus,judgment,0.0
Sonnet,c3_authorship,1,func_words (EN→ES),function_words,judgment,0.41039134083406165
Sonnet,c3_authorship,1,func_words (EN→ES),grammar,procedural,0.6805570473787206
Sonnet,c3_authorship,1,func_words (EN→ES),locale_conventions,procedural,0.0
Sonnet,c3_authorship,1,func_words (EN→ES),logical_operations,procedural,0.0
Sonnet,c3_authorship,1,func_words (EN→ES),mistranslation,judgment,0.0
Sonnet,c3_authorship,1,func_words (EN→ES),omission,judgment,0.0
Sonnet,c3_authorship,1,func_words (EN→ES),redundancy,judgment,0.0
Sonnet,c3_authorship,1,func_words (EN→ES),referential_clarity,judgment,0.0
Sonnet,c3_authorship,1,func_words (EN→ES),spelling_punctuation,procedural,0.0
Sonnet,c3_authorship,1,func_words (EN→ES),terminology,judgment,0.0
Sonnet,c3_authorship,1,func_words (EN→ES),untranslated,judgment,0.0
Sonnet,c3_authorship,1,grammar (EN→EL),abstraction,judgment,0.0
Sonnet,c3_authorship,1,grammar (EN→EL),addition,judgment,0.0
Sonnet,c3_authorship,1,grammar (EN→EL),do_not_translate,procedural,0.0
Sonnet,c3_authorship,1,grammar (EN→EL),fluency,judgment,0.6569466853317866
Sonnet,c3_authorship,1,grammar (EN→EL),focus,judgment,0.0
Sonnet,c3_authorship,1,grammar (EN→EL),function_words,judgment,0.0
Sonnet,c3_authorship,1,grammar (EN→EL),grammar,procedural,0.8750939799154206
Sonnet,c3_authorship,1,grammar (EN→EL),locale_conventions,procedural,0.0
Sonnet,c3_authorship,1,grammar (EN→EL),logical_operations,procedural,0.6708203932499369
Sonnet,c3_authorship,1,grammar (EN→EL),mistranslation,judgment,0.9880869341680844
Sonnet,c3_authorship,1,grammar (EN→EL),omission,judgment,0.0
Sonnet,c3_authorship,1,grammar (EN→EL),redundancy,judgment,0.0
Sonnet,c3_authorship,1,grammar (EN→EL),referential_clarity,judgment,0.0
Sonnet,c3_authorship,1,grammar (EN→EL),spelling_punctuation,procedural,0.0
Sonnet,c3_authorship,1,grammar (EN→EL),terminology,judgment,0.0
Sonnet,c3_authorship,1,grammar (EN→EL),untranslated,judgment,0.0
Sonnet,c3_authorship,1,locale_conv (EN→EL),abstraction,judgment,0.0
Sonnet,c3_authorship,1,locale_conv (EN→EL),addition,judgment,0.0
Sonnet,c3_authorship,1,locale_conv (EN→EL),do_not_translate,procedural,0.0
Sonnet,c3_authorship,1,locale_conv (EN→EL),fluency,judgment,0.4442616583193191
Sonnet,c3_authorship,1,locale_conv (EN→EL),focus,judgment,0.0
Sonnet,c3_authorship,1,locale_conv (EN→EL),function_words,judgment,0.0
Sonnet,c3_authorship,1,locale_conv (EN→EL),grammar,procedural,0.0
Sonnet,c3_authorship,1,locale_conv (EN→EL),locale_conventions,procedural,0.36634754853252327
Sonnet,c3_authorship,1,locale_conv (EN→EL),logical_operations,procedural,0.0
Sonnet,c3_authorship,1,locale_conv (EN→EL),mistranslation,judgment,0.0
Sonnet,c3_authorship,1,locale_conv (EN→EL),omission,judgment,0.0
Sonnet,c3_authorship,1,locale_conv (EN→EL),redundancy,judgment,0.0
Sonnet,c3_authorship,1,locale_conv (EN→EL),referential_clarity,judgment,0.0
Sonnet,c3_authorship,1,locale_conv (EN→EL),spelling_punctuation,procedural,0.41039134083406165
Sonnet,c3_authorship,1,locale_conv (EN→EL),terminology,judgment,0.0
Sonnet,c3_authorship,1,locale_conv (EN→EL),untranslated,judgment,0.0
Sonnet,c3_authorship,1,mistranslation (EN→ES),abstraction,judgment,0.0
Sonnet,c3_authorship,1,mistranslation (EN→ES),addition,judgment,1.500876936643164
Sonnet,c3_authorship,1,mistranslation (EN→ES),do_not_translate,procedural,0.0
Sonnet,c3_authorship,1,mistranslation (EN→ES),fluency,judgment,0.22360679774997896
Sonnet,c3_authorship,1,mistranslation (EN→ES),focus,judgment,0.0
Sonnet,c3_authorship,1,mistranslation (EN→ES),function_words,judgment,0.0
Sonnet,c3_authorship,1,mistranslation (EN→ES),grammar,procedural,0.0
Sonnet,c3_authorship,1,mistranslation (EN→ES),locale_conventions,procedural,0.0
Sonnet,c3_authorship,1,mistranslation (EN→ES),logical_operations,procedural,0.22360679774997902
Sonnet,c3_authorship,1,mistranslation (EN→ES),mistranslation,judgment,1.1285761872936695
Sonnet,c3_authorship,1,mistranslation (EN→ES),omission,judgment,1.51744244666721
Sonnet,c3_authorship,1,mistranslation (EN→ES),redundancy,judgment,0.0
Sonnet,c3_authorship,1,mistranslation (EN→ES),referential_clarity,judgment,0.0
Sonnet,c3_authorship,1,mistranslation (EN→ES),spelling_punctuation,procedural,0.0
Sonnet,c3_authorship,1,mistranslation (EN→ES),terminology,judgment,0.0
Sonnet,c3_authorship,1,mistranslation (EN→ES),untranslated,judgment,0.0
Sonnet,c3_authorship,1,omission (EN→EL),abstraction,judgment,0.0
Sonnet,c3_authorship,1,omission (EN→EL),addition,judgment,0.0
Sonnet,c3_authorship,1,omission (EN→EL),do_not_translate,procedural,0.0
Sonnet,c3_authorship,1,omission (EN→EL),fluency,judgment,0.7591546545162482
Sonnet,c3_authorship,1,omission (EN→EL),focus,judgment,0.0
Sonnet,c3_authorship,1,omission (EN→EL),function_words,judgment,0.0
Sonnet,c3_authorship,1,omission (EN→EL),grammar,procedural,0.0
Sonnet,c3_authorship,1,omission (EN→EL),locale_conventions,procedural,0.0
Sonnet,c3_authorship,1,omission (EN→EL),logical_operations,procedural,0.0
Sonnet,c3_authorship,1,omission (EN→EL),mistranslation,judgment,0.0
Sonnet,c3_authorship,1,omission (EN→EL),omission,judgment,0.4701623459816273
Sonnet,c3_authorship,1,omission (EN→EL),redundancy,judgment,0.0
Sonnet,c3_authorship,1,omission (EN→EL),referential_clarity,judgment,0.0
Sonnet,c3_authorship,1,omission (EN→EL),spelling_punctuation,procedural,0.30779350562554625
Sonnet,c3_authorship,1,omission (EN→EL),terminology,judgment,0.0
Sonnet,c3_authorship,1,omission (EN→EL),untranslated,judgment,0.0
Sonnet,c3_authorship,1,omission (EN→ES),abstraction,judgment,0.0
Sonnet,c3_authorship,1,omission (EN→ES),addition,judgment,0.0
Sonnet,c3_authorship,1,omission (EN→ES),do_not_translate,procedural,0.0
Sonnet,c3_authorship,1,omission (EN→ES),fluency,judgment,0.0
Sonnet,c3_authorship,1,omission (EN→ES),focus,judgment,0.0
Sonnet,c3_authorship,1,omission (EN→ES),function_words,judgment,0.0
Sonnet,c3_authorship,1,omission (EN→ES),grammar,procedural,0.0
Sonnet,c3_authorship,1,omission (EN→ES),locale_conventions,procedural,0.0
Sonnet,c3_authorship,1,omission (EN→ES),logical_operations,procedural,0.0
Sonnet,c3_authorship,1,omission (EN→ES),mistranslation,judgment,0.0
Sonnet,c3_authorship,1,omission (EN→ES),omission,judgment,0.4701623459816273
Sonnet,c3_authorship,1,omission (EN→ES),redundancy,judgment,0.0
Sonnet,c3_authorship,1,omission (EN→ES),referential_clarity,judgment,0.0
Sonnet,c3_authorship,1,omission (EN→ES),spelling_punctuation,procedural,0.0
Sonnet,c3_authorship,1,omission (EN→ES),terminology,judgment,0.0
Sonnet,c3_authorship,1,omission (EN→ES),untranslated,judgment,0.0
Sonnet,c3_authorship,1,redundancy (EN→ES),abstraction,judgment,0.0
Sonnet,c3_authorship,1,redundancy (EN→ES),addition,judgment,0.9679060415469869
Sonnet,c3_authorship,1,redundancy (EN→ES),do_not_translate,procedural,0.0
Sonnet,c3_authorship,1,redundancy (EN→ES),fluency,judgment,0.6882472016116853
Sonnet,c3_authorship,1,redundancy (EN→ES),focus,judgment,0.0
Sonnet,c3_authorship,1,redundancy (EN→ES),function_words,judgment,0.0
Sonnet,c3_authorship,1,redundancy (EN→ES),grammar,procedural,0.0
Sonnet,c3_authorship,1,redundancy (EN→ES),locale_conventions,procedural,0.0
Sonnet,c3_authorship,1,redundancy (EN→ES),logical_operations,procedural,0.0
Sonnet,c3_authorship,1,redundancy (EN→ES),mistranslation,judgment,0.0
Sonnet,c3_authorship,1,redundancy (EN→ES),omission,judgment,0.0
Sonnet,c3_authorship,1,redundancy (EN→ES),redundancy,judgment,0.3663475485325232
Sonnet,c3_authorship,1,redundancy (EN→ES),referential_clarity,judgment,0.0
Sonnet,c3_authorship,1,redundancy (EN→ES),spelling_punctuation,procedural,0.0
Sonnet,c3_authorship,1,redundancy (EN→ES),terminology,judgment,0.0
Sonnet,c3_authorship,1,redundancy (EN→ES),untranslated,judgment,0.0
Sonnet,c3_authorship,1,ref_clarity (EN→EL),abstraction,judgment,0.0
Sonnet,c3_authorship,1,ref_clarity (EN→EL),addition,judgment,0.0
Sonnet,c3_authorship,1,ref_clarity (EN→EL),do_not_translate,procedural,0.0
Sonnet,c3_authorship,1,ref_clarity (EN→EL),fluency,judgment,0.3663475485325232
Sonnet,c3_authorship,1,ref_clarity (EN→EL),focus,judgment,0.0
Sonnet,c3_authorship,1,ref_clarity (EN→EL),function_words,judgment,0.0
Sonnet,c3_authorship,1,ref_clarity (EN→EL),grammar,procedural,0.0
Sonnet,c3_authorship,1,ref_clarity (EN→EL),locale_conventions,procedural,0.0
Sonnet,c3_authorship,1,ref_clarity (EN→EL),logical_operations,procedural,0.0
Sonnet,c3_authorship,1,ref_clarity (EN→EL),mistranslation,judgment,0.6805570473787206
Sonnet,c3_authorship,1,ref_clarity (EN→EL),omission,judgment,0.0
Sonnet,c3_authorship,1,ref_clarity (EN→EL),redundancy,judgment,0.0
Sonnet,c3_authorship,1,ref_clarity (EN→EL),referential_clarity,judgment,0.8870412083230168
Sonnet,c3_authorship,1,ref_clarity (EN→EL),spelling_punctuation,procedural,0.0
Sonnet,c3_authorship,1,ref_clarity (EN→EL),terminology,judgment,0.0
Sonnet,c3_authorship,1,ref_clarity (EN→EL),untranslated,judgment,0.0
Sonnet,c3_authorship,1,ref_clarity (EN→ES),abstraction,judgment,0.0
Sonnet,c3_authorship,1,ref_clarity (EN→ES),addition,judgment,0.0
Sonnet,c3_authorship,1,ref_clarity (EN→ES),do_not_translate,procedural,0.0
Sonnet,c3_authorship,1,ref_clarity (EN→ES),fluency,judgment,0.30779350562554625
Sonnet,c3_authorship,1,ref_clarity (EN→ES),focus,judgment,0.0
Sonnet,c3_authorship,1,ref_clarity (EN→ES),function_words,judgment,0.0
Sonnet,c3_authorship,1,ref_clarity (EN→ES),grammar,procedural,0.0
Sonnet,c3_authorship,1,ref_clarity (EN→ES),locale_conventions,procedural,0.0
Sonnet,c3_authorship,1,ref_clarity (EN→ES),logical_operations,procedural,0.0
Sonnet,c3_authorship,1,ref_clarity (EN→ES),mistranslation,judgment,0.6069769786668839
Sonnet,c3_authorship,1,ref_clarity (EN→ES),omission,judgment,0.0
Sonnet,c3_authorship,1,ref_clarity (EN→ES),redundancy,judgment,0.0
Sonnet,c3_authorship,1,ref_clarity (EN→ES),referential_clarity,judgment,0.6805570473787206
Sonnet,c3_authorship,1,ref_clarity (EN→ES),spelling_punctuation,procedural,0.0
Sonnet,c3_authorship,1,ref_clarity (EN→ES),terminology,judgment,0.0
Sonnet,c3_authorship,1,ref_clarity (EN→ES),untranslated,judgment,0.0
Sonnet,c3_authorship,1,untranslated (EN→ES),abstraction,judgment,0.0
Sonnet,c3_authorship,1,untranslated (EN→ES),addition,judgment,0.0
Sonnet,c3_authorship,1,untranslated (EN→ES),do_not_translate,procedural,0.0
Sonnet,c3_authorship,1,untranslated (EN→ES),fluency,judgment,0.6708203932499369
Sonnet,c3_authorship,1,untranslated (EN→ES),focus,judgment,0.0
Sonnet,c3_authorship,1,untranslated (EN→ES),function_words,judgment,0.0
Sonnet,c3_authorship,1,untranslated (EN→ES),grammar,procedural,0.0
Sonnet,c3_authorship,1,untranslated (EN→ES),locale_conventions,procedural,0.0
Sonnet,c3_authorship,1,untranslated (EN→ES),logical_operations,procedural,0.0
Sonnet,c3_authorship,1,untranslated (EN→ES),mistranslation,judgment,0.0
Sonnet,c3_authorship,1,untranslated (EN→ES),omission,judgment,0.0
Sonnet,c3_authorship,1,untranslated (EN→ES),redundancy,judgment,0.0
Sonnet,c3_authorship,1,untranslated (EN→ES),referential_clarity,judgment,0.0
Sonnet,c3_authorship,1,untranslated (EN→ES),spelling_punctuation,procedural,0.3077935056255462
Sonnet,c3_authorship,1,untranslated (EN→ES),terminology,judgment,0.9333020044867295
Sonnet,c3_authorship,1,untranslated (EN→ES),untranslated,judgment,0.36634754853252327
